partner_jurisdiction,sum_negative_misalignment,sum_positive_misalignment,net_misalignment,tax_revenue,tax_revenue_pct_total,tax_revenue_pct_total,etr_average_corrected
Albania,1.5974557826270444,56.54923838073653,-54.95178259810949,-8.242767389716423,0.01037710529407594,0.01037710529407594,0.1122164207497937
Argentina,9986.788662412311,0.0,9986.788662412311,2996.0365987236933,0.01037710529407594,0.01037710529407594,0.2535905081093398
Armenia,59.760996737057404,0.0,59.760996737057404,10.756979412670333,0.01037710529407594,0.01037710529407594,0.4531761126792806
Australia,17129.280196037675,0.0,17129.280196037675,5138.784058811302,0.01037710529407594,0.01037710529407594,0.2016874159024712
Austria,1291.0164079099854,10118.494270630823,-8827.477862720838,-2206.8694656802095,0.01037710529407594,0.01037710529407594,0.1060767977828734
Azerbaijan,63.04290835344821,0.0,63.04290835344821,12.608581670689643,0.01037710529407594,0.01037710529407594,0.5506350507464592
Bahamas,287.75783067288137,11881.477846328129,-11593.720015655248,-0.0,0.01037710529407594,0.01037710529407594,0.0047314900921508
Bahrain,259.66804282197796,2030.693138751265,-1771.025095929287,-0.0,0.01037710529407594,0.01037710529407594,0.0029838575744799
Bangladesh,637.5409865355421,0.0,637.5409865355421,159.38524663388552,0.01037710529407594,0.01037710529407594,0.3185790880624918
Belarus,66.63702524185352,273.2525703031936,-206.61554506134007,-37.19079811104121,0.01037710529407594,0.01037710529407594,0.1257897458282565
Belgium,3275.52205500073,13245.196292669014,-9969.674237668285,-2492.4185594170713,0.01037710529407594,0.01037710529407594,0.1313215874703167
Bosnia and Herzegovina,97.9669485068397,197.2704208374261,-99.30347233058639,-9.93034723305864,0.01037710529407594,0.01037710529407594,0.1485731012422058
Botswana,50.72783354636434,0.0,50.72783354636434,11.160123380200154,0.01037710529407594,0.01037710529407594,0.1740332514890426
Brazil,18178.517155292175,0.0,18178.517155292175,6180.69583279934,0.01037710529407594,0.01037710529407594,0.2029880353380588
Bulgaria,841.2063983454826,1947.232379143252,-1106.0259807977695,-110.60259807977695,0.01037710529407594,0.01037710529407594,0.104634034720613
Burkina Faso,23.547836983603176,191.66844995204895,-168.12061296844576,-46.23316856632259,0.01037710529407594,0.01037710529407594,0.1226268545670642
Cabo Verde,28.08117428234721,0.0,28.08117428234721,6.301415508958714,0.01037710529407594,0.01037710529407594,0.2860860171036161
Cambodia,942.7047864623585,1579.8132845785628,-637.1084981162044,-127.42169962324088,0.01037710529407594,0.01037710529407594,0.114732007924916
Cameroon,199.30362374290644,0.0,199.30362374290644,65.77019583515913,0.01037710529407594,0.01037710529407594,0.6396399704516
Canada,38936.65525461317,49457.57547514667,-10520.920220533495,-2761.7415578900427,0.01037710529407594,0.01037710529407594,0.1103728912486411
Central African Republic,-0.0,0.0,-0.0,-0.0,0.01037710529407594,0.01037710529407594,0.2548756971628439
Chile,5357.428328296523,0.0,5357.428328296523,1446.5056486400615,0.01037710529407594,0.01037710529407594,0.1998733620309618
China (People’s Republic of),7393.272214938729,0.0,7393.272214938729,1848.3180537346823,0.01037710529407594,0.01037710529407594,0.1721540276918187
Colombia,6675.367518531243,0.0,6675.367518531243,2136.117605929998,0.01037710529407594,0.01037710529407594,0.691897423197905
Congo,399.3155631102998,0.0,399.3155631102998,119.79466893308994,0.01037710529407594,0.01037710529407594,0.2833776618712972
Costa Rica,1045.4686397149944,0.0,1045.4686397149944,313.6405919144983,0.01037710529407594,0.01037710529407594,0.1565429119086864
Croatia,311.7551339459598,0.0,311.7551339459598,56.115924110272765,0.01037710529407594,0.01037710529407594,0.2914993418230818
Cyprus,3051.4116178723916,3418.27649681953,-366.86487894713855,-45.85810986839232,0.01037710529407594,0.01037710529407594,0.0377915995985469
Czechia,2917.4704077566557,0.0,2917.4704077566557,554.3193774737646,0.01037710529407594,0.01037710529407594,0.1974208089317916
Côte d’Ivoire,153.57303962109796,0.0,153.57303962109796,38.39325990527449,0.01037710529407594,0.01037710529407594,0.225416672688476
Democratic Republic of the Congo,54.51195910024884,397.1290711580216,-342.6171120577728,-95.93279137617638,0.01037710529407594,0.01037710529407594,0.1272811693205388
Denmark,2349.193542224869,34199.07510680289,-31849.881564578023,-7006.973944207165,0.01037710529407594,0.01037710529407594,0.1225813237918387
Dominican Republic,445.82885503730483,273.50769485068565,172.32116018661918,46.52671325038718,0.01037710529407594,0.01037710529407594,0.1196731371221362
Ecuador,386.9019027902614,0.0,386.9019027902614,96.72547569756534,0.01037710529407594,0.01037710529407594,0.4251018547738781
El Salvador,567.5995823111485,0.0,567.5995823111485,170.27987469334457,0.01037710529407594,0.01037710529407594,0.1633703275450014
Equatorial Guinea,4138.508915702155,0.0,4138.508915702155,1448.4781204957542,0.01037710529407594,0.01037710529407594,0.904658159728538
Estonia,1358.9433582655831,62.96810717238007,1295.975251093203,259.19505021864063,0.01037710529407594,0.01037710529407594,0.0399644722973961
Eswatini,150.2199453908368,0.0,150.2199453908368,41.310484982480126,0.01037710529407594,0.01037710529407594,0.2922978904097612
Ethiopia,231.44160020160243,0.0,231.44160020160243,69.43248006048073,0.01037710529407594,0.01037710529407594,0.3442346968211514
Fiji,55.73575934281436,0.0,55.73575934281436,11.147151868562872,0.01037710529407594,0.01037710529407594,0.3174325650953426
Finland,1776.0046229679995,0.0,1776.0046229679995,355.2009245935999,0.01037710529407594,0.01037710529407594,0.1567576030747513
France,26343.030389465697,0.0,26343.030389465697,8435.8286216186,0.01037710529407594,0.01037710529407594,0.2059219751719802
Gabon,207.0308323955563,0.0,207.0308323955563,62.10924971866689,0.01037710529407594,0.01037710529407594,1.740919601087571
Georgia,4244.448463068184,0.0,4244.448463068184,636.6672694602275,0.01037710529407594,0.01037710529407594,0.2853558378532963
Germany,37144.767185432145,0.0,37144.767185432145,11080.407000593792,0.01037710529407594,0.01037710529407594,0.1652098672920548
Ghana,1235.606928873095,0.0,1235.606928873095,308.90173221827376,0.01037710529407594,0.01037710529407594,0.2121664985186463
Greece,6605.021658163833,1061.846663667684,5543.174994496149,1330.361998679076,0.01037710529407594,0.01037710529407594,0.1472648255935781
Guatemala,457.99881505677297,0.0,457.99881505677297,114.49970376419324,0.01037710529407594,0.01037710529407594,0.2320449773638035
Honduras,1319.6182925597548,0.0,1319.6182925597548,395.8854877679264,0.01037710529407594,0.01037710529407594,0.2176412549430094
Hungary,1597.954756815909,4293.452379439373,-2695.497622623464,-242.59478603611174,0.01037710529407594,0.01037710529407594,0.0936424656423581
Iceland,251.65324976215092,0.0,251.65324976215092,50.330649952430186,0.01037710529407594,0.01037710529407594,0.2968656069200548
Indonesia,7600.109351820865,0.0,7600.109351820865,1672.0240574005904,0.01037710529407594,0.01037710529407594,0.2059345946040845
Ireland,13572.939708889577,95227.13877390418,-81654.1990650146,-10206.774883126825,0.01037710529407594,0.01037710529407594,0.1010792897112204
Israel,558.860510658536,0.0,558.860510658536,128.53791745146327,0.01037710529407594,0.01037710529407594,0.1669877434736626
Italy,16057.343462583289,0.0,16057.343462583289,4465.547216944413,0.01037710529407594,0.01037710529407594,0.2360258488431147
Jamaica,449.6645555644604,170.7510272358885,278.9135283285719,69.72838208214297,0.01037710529407594,0.01037710529407594,4.454931746920233e-05
Jordan,323.70042505647507,674.3760785625789,-350.6756535061038,-70.13513070122076,0.01037710529407594,0.01037710529407594,0.038044948596717
Kazakhstan,830.8875120988341,0.0,830.8875120988341,166.17750241976682,0.01037710529407594,0.01037710529407594,0.3183211064886756
Kenya,545.1139266202476,0.0,545.1139266202476,136.2784816550619,0.01037710529407594,0.01037710529407594,0.4451294073458052
Korea,6846.719289650703,0.0,6846.719289650703,1882.8478046539435,0.01037710529407594,0.01037710529407594,0.1994822913378385
Kyrgyzstan,199.033701190705,3.1044767338579873,195.929224456847,19.592922445684703,0.01037710529407594,0.01037710529407594,0.1439835747694052
Lao People’s Democratic Republic,306.79184303907374,0.0,306.79184303907374,73.6300423293777,0.01037710529407594,0.01037710529407594,0.1512547463108048
Latvia,205.4036895593275,261.863600051095,-56.45991049176749,-11.291982098353499,0.01037710529407594,0.01037710529407594,0.0392911895901866
Lebanon,1668.3084090368466,0.0,1668.3084090368466,283.61242953626396,0.01037710529407594,0.01037710529407594,0.1814979137350936
Lesotho,0.8034454693699157,0.0,0.8034454693699157,0.20086136734247892,0.01037710529407594,0.01037710529407594,0.2441707032782445
Lithuania,355.84169033490326,1238.055922692783,-882.2142323578798,-132.33213485368196,0.01037710529407594,0.01037710529407594,0.0659738040676158
Luxembourg,92911.28095013557,25734.91263471449,67176.36831542107,16753.786257866017,0.01037710529407594,0.01037710529407594,0.0290574959027048
Macau (China),2211.954003372547,0.0,2211.954003372547,265.43448040470565,0.01037710529407594,0.01037710529407594,0.2421821637406255
Madagascar,35.468088107221234,44.41979640266865,-8.951708295447418,-1.7903416590894836,0.01037710529407594,0.01037710529407594,0.0401016615827368
Malawi,404.7330974901844,0.0,404.7330974901844,121.41992924705531,0.01037710529407594,0.01037710529407594,0.2086174914557855
Malaysia,4178.558718859743,0.0,4178.558718859743,1002.8540925263383,0.01037710529407594,0.01037710529407594,0.2161327141006699
Maldives,26.25653759415186,0.0,26.25653759415186,3.938480639122779,0.01037710529407594,0.01037710529407594,0.2612796387110692
Mali,126.8204751438483,0.0,126.8204751438483,38.04614254315449,0.01037710529407594,0.01037710529407594,0.8559073139004482
Malta,33665.815638007465,13564.725221977773,20101.090416029692,1005.0545208014826,0.01037710529407594,0.01037710529407594,0.0111773426516788
Marshall Islands,15.177608327697033,1153.6693789641947,-1138.4917706364977,-0.0,0.01037710529407594,0.01037710529407594,0.0010276781220819
Mauritius,1499.860368385202,12898.68939369562,-11398.829025310419,-1709.8243537965627,0.01037710529407594,0.01037710529407594,0.028855092736228
Mexico,25578.042435554104,0.0,25578.042435554104,7673.41273066623,0.01037710529407594,0.01037710529407594,0.5782618432150806
Micronesia,88.34917305292252,0.0,88.34917305292252,26.504751915876756,0.01037710529407594,0.01037710529407594,0.1552800903628705
Moldova,165.9752813120126,0.0,165.9752813120126,19.917033757441512,0.01037710529407594,0.01037710529407594,0.1678772595970058
Mongolia,384.29393789407624,0.0,384.29393789407624,96.07348447351906,0.01037710529407594,0.01037710529407594,0.1975842462418564
Morocco,2432.5422803003753,0.0,2432.5422803003753,754.0881068931163,0.01037710529407594,0.01037710529407594,0.1606849612829891
Mozambique,4549.967067344308,0.0,4549.967067344308,1455.9894615501785,0.01037710529407594,0.01037710529407594,0.4018711602777128
Namibia,39.559273478930834,0.0,39.559273478930834,12.658967513257867,0.01037710529407594,0.01037710529407594,0.2640294392363583
Nauru,0.0005809666403944965,0.0,0.0005809666403944965,0.00014524166009862412,0.01037710529407594,0.01037710529407594,0.1657857016520884
Nepal,12.420237194192962,0.0,12.420237194192962,3.1050592985482406,0.01037710529407594,0.01037710529407594,0.2380454931228524
Netherlands,16579.003834830102,82410.78295544765,-65831.77912061755,-16457.944780154387,0.01037710529407594,0.01037710529407594,0.0892465158219887
New Zealand,1540.4148613025466,0.0,1540.4148613025466,431.3161611647131,0.01037710529407594,0.01037710529407594,0.2245223162068305
Nicaragua,347.51188228159936,0.0,347.51188228159936,104.2535646844798,0.01037710529407594,0.01037710529407594,0.4003928312418001
North Macedonia,269.33223865280524,100.54529700830724,168.786941644498,16.8786941644498,0.01037710529407594,0.01037710529407594,0.1140608757395819
Norway,3001.2266560161675,0.0,3001.2266560161675,660.2698643235568,0.01037710529407594,0.01037710529407594,0.2962297660675849
Panama,823.1906175795259,2518.0452800162057,-1694.8546624366797,-423.71366560916994,0.01037710529407594,0.01037710529407594,0.0601494341070842
Papua New Guinea,100.37006694903191,0.0,100.37006694903191,30.111020084709573,0.01037710529407594,0.01037710529407594,0.1819329132799815
Paraguay,43.494674808655766,1857.5376775921409,-1814.043002783485,-181.4043002783485,0.01037710529407594,0.01037710529407594,0.0838103243301043
Peru,6908.524509549761,0.0,6908.524509549761,2038.0147303171796,0.01037710529407594,0.01037710529407594,0.2984865442622967
Philippines,9801.586273254461,0.0,9801.586273254461,2940.4758819763383,0.01037710529407594,0.01037710529407594,0.2590943801466874
Poland,9550.121385477567,0.0,9550.121385477567,1814.5230632407377,0.01037710529407594,0.01037710529407594,0.2415662293720115
Portugal,4839.477075633949,1030.0166970619036,3809.4603785720456,1199.9800192501943,0.01037710529407594,0.01037710529407594,0.1447975836241994
Romania,4884.642092982153,1762.9101842570524,3121.7319087251008,499.47710539601616,0.01037710529407594,0.01037710529407594,0.128945278458726
Russia,4906.102719874608,0.0,4906.102719874608,981.2205439749216,0.01037710529407594,0.01037710529407594,0.3089370280053463
Rwanda,85.18932474649385,0.0,85.18932474649385,25.556797423948154,0.01037710529407594,0.01037710529407594,0.5742301586143272
Saint Kitts and Nevis,-0.0,0.0,-0.0,-0.0,0.01037710529407594,0.01037710529407594,0.1657857016520884
Samoa,2569.6658142538136,652.6962426429916,1916.969571610822,517.581784334922,0.01037710529407594,0.01037710529407594,0.0038538929826994
San Marino,-0.0,0.0,-0.0,-0.0,0.01037710529407594,0.01037710529407594,0.1657857016520884
Saudi Arabia,2555.2989850175163,0.0,2555.2989850175163,511.05979700350326,0.01037710529407594,0.01037710529407594,0.4426415637681315
Senegal,199.67299524828562,0.0,199.67299524828562,59.901898574485685,0.01037710529407594,0.01037710529407594,0.2313037670512283
Serbia,732.3397395020522,835.9027594154787,-103.5630199134265,-15.534452987013974,0.01037710529407594,0.01037710529407594,0.1131554004148475
Seychelles,410.9402219326066,28.087465667942585,382.85275626466404,114.8558268793992,0.01037710529407594,0.01037710529407594,0.0019352666940893
Singapore,18127.479191087146,101350.9387431726,-83223.45955208546,-14147.98812385453,0.01037710529407594,0.01037710529407594,0.0607503724034508
Slovak Republic,1437.3699722659817,0.0,1437.3699722659817,301.84769417585613,0.01037710529407594,0.01037710529407594,0.2077124411242859
Slovenia,522.5715837925155,0.0,522.5715837925155,99.28860092057795,0.01037710529407594,0.01037710529407594,0.156411877233164
Solomon Islands,10.340088687645988,0.06303030273808562,10.277058384907903,3.0831175154723707,0.01037710529407594,0.01037710529407594,0.0
South Africa,7539.874901200156,0.0,7539.874901200156,2111.164972336044,0.01037710529407594,0.01037710529407594,0.1525416556124483
Spain,27933.434827868132,0.0,27933.434827868132,6983.358706967033,0.01037710529407594,0.01037710529407594,0.1687697760497217
Sri Lanka,701.5138840823183,0.0,701.5138840823183,196.42388754304915,0.01037710529407594,0.01037710529407594,0.1718585869839777
Sweden,5512.593529732422,35428.46708500286,-29915.873555270442,-6401.996940827875,0.01037710529407594,0.01037710529407594,0.1080087180262138
Switzerland,3828.4494671359416,313700.8083443203,-309872.35887718434,-65533.60681375202,0.01037710529407594,0.01037710529407594,0.0631300858797679
Tanzania,342.99223571891395,0.0,342.99223571891395,102.89767071567418,0.01037710529407594,0.01037710529407594,0.3533346840656243
Thailand,34280.52786228038,0.0,34280.52786228038,6856.1055724560765,0.01037710529407594,0.01037710529407594,0.194628875329412
Timor-Leste,227.5512672845884,7.952762323618461,219.59850496096993,21.959850496096994,0.01037710529407594,0.01037710529407594,0.1035963554389347
Togo,35.370608467910294,0.15047073132328595,35.220137736587006,9.509437188878492,0.01037710529407594,0.01037710529407594,0.0443981963232743
Türkiye,3871.8930323350583,0.0,3871.8930323350583,851.8164671137129,0.01037710529407594,0.01037710529407594,0.240085224639951
Uganda,188.3859020037418,0.0,188.3859020037418,56.51577060112253,0.01037710529407594,0.01037710529407594,0.1991257823455985
Ukraine,1020.6523207560723,1093.3162341559798,-72.66391339990753,-13.079504411983354,0.01037710529407594,0.01037710529407594,0.1490181650861528
United Arab Emirates,4108.728558658867,0.0,4108.728558658867,0.0,0.01037710529407594,0.01037710529407594,0.3217689378080699
United Kingdom,156929.1838141686,0.0,156929.1838141686,29816.544924692033,0.01037710529407594,0.01037710529407594,0.1600572223335213
United States,357866.7235132159,40492.03290874941,317374.6906044665,85691.16646320595,0.01037710529407594,0.01037710529407594,0.1485607455304884
Uruguay,4970.716966353557,2398.9722929496415,2571.7446734039154,642.9361683509788,0.01037710529407594,0.01037710529407594,0.1369766926033997
Uzbekistan,34.923787193011016,192.18824429786955,-157.26445710485854,-23.58966856572878,0.01037710529407594,0.01037710529407594,0.0386961549474201
Vanuatu,81.27489711178292,0.0,81.27489711178292,0.0,0.01037710529407594,0.01037710529407594,0.0
Zambia,1795.5161350738092,0.0,1795.5161350738092,628.4306472758332,0.01037710529407594,0.01037710529407594,0.2060076548519372
