iso3,country_name,extractive_rents_pct_gdp,data_tiers,eiti,include,drop_reason,commodity_main,resource_rate,resource_rate_source,domestic_share,domestic_share_source,status,preferred_source,preferred_source_note
AFG,Afghanistan,0.27,eiti_bilateral|rent_proxy,True,yes,,coal,0.2,effective_resource_cit_rates.csv (combined): Min Finance,0.067,derived from this country's EITI payment streams (domestic NOC vs foreign HQ shares),ok,,
AGO,Angola,25.6,grd_distributed,False,yes,,oil_gas,0.5,resource_profit_tax_rate.csv (oil_gas): PSA petroleum income tax ~50% + corporate tax,0.2,[med conf] Azule Energy presentation 2026 + ExxonMobil PSC reports,ok (researched),,
ALB,,1.18,eiti_bilateral,True,yes,,minerals,0.5,[med conf] Albania petroleum profit tax 50% (oil; chromium would be 15% CIT),0.0,derived from this country's EITI payment streams (domestic NOC vs foreign HQ shares),ok (researched),,
ARE,United Arab Emirates,15.14,manual_distributed,False,yes,,oil_gas,0.65,"emirate income-tax decrees (Abu Dhabi 1965 / Dubai 1969): 55% base, concession bands to 85%; blended 0.65 adopted (audit 2026-07-22, confirmed vs IMF CR24 Annex VII: petroleum exempt from 9% federal CIT, concession taxation remains emirate-level)",0.90,IMF A4 hydrocarbon-revenue series: documented foreign flows (OMV+TotalEnergies) = 5.1% of $454bn 2016-22 take; 0.90 proxies all foreign partners incl. non-disclosing. Audit closure 2026-07-24,ok (audit closed 2026-07-24),,
ARG,Argentina,1.56,eiti_bilateral|rent_proxy,True,yes,,coal,0.25,effective_resource_cit_rates.csv (combined): AFIP + Hydrocarbons Law,0.519,derived from this country's EITI payment streams (domestic NOC vs foreign HQ shares),ok,,
ARM,,1.95,eiti_bilateral,True,yes,,minerals,0.305,[med conf] Armenia Tax Code 2022 (18% CIT + profit-based mining term ~12.5%),0.0,derived from this country's EITI payment streams (domestic NOC vs foreign HQ shares),ok (researched),,
AUS,Australia,6.44,manual_distributed,False,yes,,coal,0.30,"AUDIT 2026-07-22: standard company tax 30% (mining has no profit surtax; PRRT offshore-only, small). Replaces blended 0.42 which over-stripped via ETR-gap - see resource_profit_tax_rate.csv note",0.45,"manual_resource_revenue.csv: state coal royalties (revenue-based, pre-profit); 2022 price spike; Glencore CH, BHP, Yancoal CN, Whitehaven AU",ok,,
AUT,,0.05,rent_proxy,False,no,rent-proxy-only and extractive rents 0.05% of GDP < 1% (forest excluded),,,,,,excluded — not a resource country,,
AZE,,21.39,eiti_bilateral|grd_distributed|rent_proxy,True,yes,,minerals,0.25,[med conf] PwC Worldwide Tax Summaries 2026 (PSA profit tax 25-32%),0.477,derived from this country's EITI payment streams (domestic NOC vs foreign HQ shares),ok (researched),,
BDI,,0.07,rent_proxy,False,no,rent-proxy-only and extractive rents 0.07% of GDP < 1% (forest excluded),,,,,,excluded — not a resource country,,
BEL,,0.02,rent_proxy,False,no,rent-proxy-only and extractive rents 0.02% of GDP < 1% (forest excluded),,,,,,excluded — not a resource country,,
BEN,,0.07,rent_proxy,False,no,negligible extractives — no real oil/mining production (web research),,,,,,excluded — not a resource country,,
BFA,Burkina Faso,5.79,eiti_bilateral|grd_distributed|rent_proxy,True,yes,,minerals,0.275,resource_profit_tax_rate.csv (minerals): CIT 27.5% on mining,0.193,derived from this country's EITI payment streams (domestic NOC vs foreign HQ shares),ok,,
BGD,Bangladesh,0.54,rent_proxy,False,no,rent-proxy-only and extractive rents 0.54% of GDP < 1% (forest excluded),,,,,,excluded — not a resource country,,
BGR,,0.46,rent_proxy,False,no,rent-proxy-only and extractive rents 0.46% of GDP < 1% (forest excluded),,,,,,excluded — not a resource country,,
BHR,Bahrain,12.71,manual_distributed,False,yes,,oil_gas,0.25,resource_profit_tax_rate.csv (oil_gas): oil income tax ~46% statutory but effective lower; ~0.25,0.9,manual_resource_revenue.csv: Bapco/Banagas state; incl. Abu Sa'fa field shared with Saudi; rough,ok,,
BIH,,0.41,rent_proxy,False,no,rent-proxy-only and extractive rents 0.41% of GDP < 1% (forest excluded),,,,,,excluded — not a resource country,,
BLR,,0.61,rent_proxy,False,no,rent-proxy-only and extractive rents 0.61% of GDP < 1% (forest excluded),,,,,,excluded — not a resource country,,
BLZ,,0.33,rent_proxy,False,no,rent-proxy-only and extractive rents 0.33% of GDP < 1% (forest excluded),,,,,,excluded — not a resource country,,
BOL,Bolivia,4.45,grd_distributed|rent_proxy,False,yes,,minerals,0.57,effective_resource_cit_rates.csv (combined): Servicio Impuestos Nacionales,0.75,[med conf] NRGI Bolivia oil & gas revenue 2016 (YPFB/COMIBOL state-led),ok (researched),,
BRA,Brazil,3.07,manual_distributed,False,yes,,minerals,0.45,resource_profit_tax_rate.csv (oil_gas): CIT 34% + special participation (progressive profit-based levy up to 40%) on high-output fields,0.5,"manual_resource_revenue.csv: Brazil minerals: CFEM mining royalty (1-3.5% of revenue, Vale-dominated) [pre] + sector corporate tax 34% [post]; ~no state controlling stake since 2020 -> negligible equity. R$ bn -> /avg BRL-USD. ESTIMATE — anchor on ANM CFEM stats.",ok,,
BRB,,0.18,rent_proxy,False,no,rent-proxy-only and extractive rents 0.18% of GDP < 1% (forest excluded),,,,,,excluded — not a resource country,,
BRN,Brunei,18.98,grd_distributed,False,yes,,oil_gas,0.55,effective_resource_cit_rates.csv (combined): MoF Brunei,0.5,[med conf] Brunei Shell Petroleum 50/50 govt-Shell JV (~90% output),ok (researched),,
BTN,,0.07,rent_proxy,False,no,rent-proxy-only and extractive rents 0.07% of GDP < 1% (forest excluded),,,,,,excluded — not a resource country,,
BWA,Botswana,0.48,grd_distributed,False,yes,,coal,0.22,resource_profit_tax_rate.csv (minerals): mining CIT ~22% (variable formula); royalties pre-profit,0.2,"[med conf] Botswana diamond profit in CbCR is booked by De Beers/Anglo (foreign); Debswana 50/50 govt-De Beers but the govt share is not a CbCR MNE, so the CbCR-visible resource profit is overwhelmingly foreign-booked -> low domestic_share so the correction reaches the De Beers/Anglo cells (was 1.0, set for Morupule coal). Verify.",ok (researched),,
CAF,,0.19,rent_proxy,False,no,rent-proxy-only and extractive rents 0.19% of GDP < 1% (forest excluded),,,,,,excluded — not a resource country,,
CAN,Canada,1.91,manual_distributed,False,yes,,minerals,0.27,resource_profit_tax_rate.csv (oil_gas): federal CIT 15% + provincial ~12-15%; royalties are pre-profit,0.4,manual_resource_revenue.csv: provincial mining taxes/royalties; CIT; Barrick/Teck/Nutrien CA + many foreign,ok,,
CHE,,0.0,rent_proxy,False,no,rent-proxy-only and extractive rents 0.00% of GDP < 1% (forest excluded),,,,,,excluded — not a resource country,,
CHL,Chile,5.77,manual_distributed,False,yes,,minerals,0.35,resource_profit_tax_rate.csv (minerals): CIT 27% + old specific mining tax (IEAM) 0-14% on operating margin; ~0.35 (new 2024 royalty raises it),0.4,manual_resource_revenue.csv: COCHILCO / CEIC Chile govt mining revenue; copper-price driven; old IEAM specific mining tax pre-2024,ok,,
CHN,China,1.18,manual_distributed,False,yes,,coal,0.25,"resource_profit_tax_rate.csv (oil_gas): CIT 25% (+ special oil gain levy is on revenue, pre-profit)",0.92,"manual_resource_revenue.csv: China resource tax (资源税) from NBS Statistical Yearbook table 7-2 (general public budget revenue, central+local), 100m RMB: 951/1353/1630/1822/1755/2288/3389 for 2016-2022 (FY2018 also confirmed from MoF final-accounts page); /avg RMB-USD. Resource tax is the pre-profit royalty-like component (~1.5-6% of extraction value); the post-profit (sector CIT 25%) and equity (SOE dividends to the State-Capital-Operation budget) components are grossed up assuming resource tax ≈ 40% of the total take. Commodity split (of the resource tax) oil_gas/coal/minerals ≈ 0.42/0.43/0.15.",ok,,
CIV,Côte d'Ivoire,1.77,eiti_bilateral|rent_proxy,True,yes,,minerals,0.42,effective_resource_cit_rates.csv (combined): PSC terms,0.314,derived from this country's EITI payment streams (domestic NOC vs foreign HQ shares),ok,,
CMR,,2.44,eiti_bilateral|grd_distributed,True,yes,,minerals,0.385,"[low conf] Cameroon Petroleum Code (oil CIT negotiated, cap 50%; std 33%) | AUDIT 2026-07-22: rate 0.385 CONFIRMED = Cameroon petroleum CIT 38.5% (Petroleum Code Law 99/013 as amended; standard oil-company rate)",0.378,derived from this country's EITI payment streams (domestic NOC vs foreign HQ shares),ok (verified),,
COD,DR Congo,9.84,manual_distributed,False,yes,,minerals,0.3,resource_profit_tax_rate.csv (minerals): CIT 30% (2018 mining code; + super-profits levy),0.25,manual_resource_revenue.csv: EITI DRC national reports 2016-22 (user-supplied 2026-05-14). Mining: royalty 4% Cu/Co or 6% Au + special mining tax + super-profit tax + CIT 30% + Gécamines dividend / carried interest. Oil/gas: royalty + PSA entitlement + CIT + state participation (Perenco etc.).,ok,manual,EITI API pull covers only 2016/2017/2019; 2018 and 2020-22 exist in EITI national reports but not the machine-readable endpoint - national-report figures in the manual table replace the partial EITI
COG,Congo,28.52,eiti_bilateral|grd_distributed,True,yes,,oil_gas,0.35,effective_resource_cit_rates.csv (combined): Congo hydrocarbons code,0.159,derived from this country's EITI payment streams (domestic NOC vs foreign HQ shares),ok,,
COL,Colombia,3.86,eiti_bilateral|grd_distributed,True,yes,,coal,0.32,resource_profit_tax_rate.csv (coal): CIT ~32%; coal royalties revenue-based (pre-profit),0.728,derived from this country's EITI payment streams (domestic NOC vs foreign HQ shares),ok,,
CPV,,12.66,rent_proxy,False,no,negligible extractives — no real oil/mining production (web research),,,,,,excluded — not a resource country,,
CRI,,0.01,rent_proxy,False,no,rent-proxy-only and extractive rents 0.01% of GDP < 1% (forest excluded),,,,,,excluded — not a resource country,,
CUB,,0.66,rent_proxy,False,yes,,minerals,0.30,Cuban mining law: royalty + ~30% profit tax on JVs (Moa). AUDIT inclusion 2026-07-22,0.85,Nickel = 50/50 GNC state / Sherritt (CAN); oil = Cupet domestic + Sherritt PSCs; most take domestic. AUDIT inclusion 2026-07-22,"ok (audit inclusion, low confidence)",,
CYP,,0.0,rent_proxy,False,no,rent-proxy-only and extractive rents 0.00% of GDP < 1% (forest excluded),,,,,,excluded — not a resource country,,
CZE,,0.12,rent_proxy,False,no,rent-proxy-only and extractive rents 0.12% of GDP < 1% (forest excluded),,,,,,excluded — not a resource country,,
DEU,Germany,0.05,eiti_bilateral,True,yes,,coal,0.3,effective_resource_cit_rates.csv (combined): BMF,0.369,derived from this country's EITI payment streams (domestic NOC vs foreign HQ shares),ok,,
DNK,Denmark,0.38,grd_distributed|rent_proxy,False,yes,,oil_gas,0.52,effective_resource_cit_rates.csv (combined): IMF FARI Denmark + Danish Hydrocarbon Tax Act,0.2,[high conf] Nordsofonden 20% state participation in all licences,ok (researched),,
DOM,,1.22,eiti_bilateral|rent_proxy,True,yes,,minerals,0.5375,[med conf] Pueblo Viejo Special Lease (25% CIT + 28.75% NPI after IRR hurdle),0.153,derived from this country's EITI payment streams (domestic NOC vs foreign HQ shares),ok (researched),,
DZA,Algeria,17.19,manual_distributed,False,yes,,oil_gas,0.3,resource_profit_tax_rate.csv (oil_gas): Sonatrach + partners; complex hydrocarbon tax; ~30% profit-based,0.95,manual_resource_revenue.csv: Algeria hydrocarbon CIT (TPP + petroleum-specific taxes) + Sonatrach (100% state) dividends. IMF Art IV reports. Revised 2026-05 from 30/45/25. Confidence med.,ok,,
ECU,Ecuador,4.88,manual_distributed,True,yes,,minerals,0.35,effective_resource_cit_rates.csv (combined): SRI,0.8,[med conf] EP Petroecuador operates ~80-82% of national crude; foreign service-contract operators ~18-20% (EITI Ecuador; IMF CR21/228 service-contract payments). Was 0.549.,ok (manual override of broken EITI; hand-collected 2026-06),manual,"EITI bilateral broken/thin (raw company payments ~$4.2B 2016-22 vs ~$30-40B actual oil revenue, collapsing to $0 once unmatched companies drop); manual = state oil revenue + sector CIT + Petroecuador surplus"
EGY,Egypt,4.93,grd_distributed,False,yes,,minerals,0.425,effective_resource_cit_rates.csv (combined): ETA + petroleum law,0.7,[med conf] ICLG/CMS Egypt oil & gas 2024-26 (EGPC-led),ok (researched),,
ESP,Spain,0.04,rent_proxy,False,no,rent-proxy-only and extractive rents 0.04% of GDP < 1% (forest excluded),,,,,,excluded — not a resource country,,
EST,,0.73,rent_proxy,False,no,rent-proxy-only and extractive rents 0.73% of GDP < 1% (forest excluded),,,,,,excluded — not a resource country,,
ETH,,0.11,eiti_bilateral|rent_proxy,True,yes,,coal,0.25,[high conf] Ethiopia Mining Income Tax Proclamation (25% mining profit tax),0.378,derived from this country's EITI payment streams (domestic NOC vs foreign HQ shares),ok (researched),,
FIN,,0.1,rent_proxy,False,no,rent-proxy-only and extractive rents 0.10% of GDP < 1% (forest excluded),,,,,,excluded — not a resource country,,
FJI,,0.49,rent_proxy,False,no,rent-proxy-only and extractive rents 0.49% of GDP < 1% (forest excluded),,,,,,excluded — not a resource country,,
FRA,,0.01,rent_proxy,False,no,rent-proxy-only and extractive rents 0.01% of GDP < 1% (forest excluded),,,,,,excluded — not a resource country,,
GAB,Gabon,14.24,eiti_bilateral|grd_distributed,True,yes,,minerals,0.35,effective_resource_cit_rates.csv (combined): Gabon Hydrocarbons Code,0.327,derived from this country's EITI payment streams (domestic NOC vs foreign HQ shares),ok,,
GBR,United Kingdom,0.45,eiti_bilateral,True,yes,,minerals,0.65,"resource_profit_tax_rate.csv (oil_gas): ring-fence CT 30% + supplementary charge 10-32% (+ energy profits levy from 2022, 35-75%); period-average ~0.65",0.27,derived from this country's EITI payment streams (domestic NOC vs foreign HQ shares),ok,,
GEO,,0.66,rent_proxy,False,no,rent-proxy-only and extractive rents 0.66% of GDP < 1% (forest excluded),,,,,,excluded — not a resource country,,
GHA,Ghana,5.55,eiti_bilateral|grd_distributed,True,yes,,minerals,0.32,resource_profit_tax_rate.csv (minerals): CIT 35% on mining minus rebates; ~0.32 effective,0.282,derived from this country's EITI payment streams (domestic NOC vs foreign HQ shares),ok,,
GIN,Guinea,4.15,eiti_bilateral|grd_distributed,True,yes,,minerals,0.3,resource_profit_tax_rate.csv (minerals): CIT 30%; bauxite royalties are revenue-based,0.051,derived from this country's EITI payment streams (domestic NOC vs foreign HQ shares),ok,,
GNQ,Equatorial Guinea,20.06,grd_distributed,False,yes,,oil_gas,0.35,effective_resource_cit_rates.csv (combined): IMF,0.3,"[low conf] World Oil 2024 (ExxonMobil exit, GEPetrol takes Zafiro)",verify (low-confidence value),,
GRC,,0.07,rent_proxy,False,no,rent-proxy-only and extractive rents 0.07% of GDP < 1% (forest excluded),,,,,,excluded — not a resource country,,
GTM,,0.55,eiti_bilateral|rent_proxy,True,yes,,minerals,0.25,[high conf] PwC WTS Guatemala 2024-25 (25% net-income CIT),0.381,derived from this country's EITI payment streams (domestic NOC vs foreign HQ shares),ok (researched),,
GUY,Guyana,10.84,eiti_bilateral|rent_proxy,True,yes,,minerals,0.5,effective_resource_cit_rates.csv (combined): PSC Stabroek block,0.054,derived from this country's EITI payment streams (domestic NOC vs foreign HQ shares),ok,,
HND,,0.11,eiti_bilateral|rent_proxy,True,yes,,minerals,0.3025,[high conf] PwC WTS Honduras 2024 (25% CIT + 5% solidarity surcharge),0.25,derived from this country's EITI payment streams (domestic NOC vs foreign HQ shares),ok (researched),,
HRV,,0.37,rent_proxy,False,no,rent-proxy-only and extractive rents 0.37% of GDP < 1% (forest excluded),,,,,,excluded — not a resource country,,
HUN,,0.2,rent_proxy,False,no,rent-proxy-only and extractive rents 0.20% of GDP < 1% (forest excluded),,,,,,excluded — not a resource country,,
IDN,Indonesia,3.01,eiti_bilateral|grd_distributed,True,yes,,coal,0.4,resource_profit_tax_rate.csv (oil_gas): PSC contractor income tax ~28-40%; profit-oil split is equity-side,0.27,derived from this country's EITI payment streams (domestic NOC vs foreign HQ shares),ok,,
IND,,1.96,manual_distributed,False,yes,,coal,0.25,[high conf] Coal India FY2024-25 ETR ~24.8%; PwC WTS 2025 (concessional ~25.17%),0.65,"manual_resource_revenue.csv: India coal: ESTIMATE — coal royalty (state, ~14% of pithead value) + GST-compensation cess on coal (₹400/t) [pre]; Coal India/SCCL corporate tax [post]; Coal India dividend to govt [equity]. PENDING the Coal Directory (coalcontroller.gov.in) / Ministry of Coal figures.",ok (researched),,
IRL,,0.07,rent_proxy,False,no,rent-proxy-only and extractive rents 0.07% of GDP < 1% (forest excluded),,,,,,excluded — not a resource country,,
IRN,Iran,24.38,manual_distributed,False,yes,,oil_gas,0.25,resource_profit_tax_rate.csv (oil_gas): NIOC; opaque; ~25% effective profit-based component,1.0,manual_resource_revenue.csv: NIOC 100% state; sanctions-affected; most state take via NOC channel rather than CIT. Revised 2026-05 from 30/30/40. Confidence low. | AUDIT 2026-07-22: dom -> 1.0 (no foreign upstream producer; phantom generic slice removed),ok,,
IRQ,Iraq,38.34,eiti_bilateral,True,yes,,oil_gas,0.35,resource_profit_tax_rate.csv (oil_gas): service-contract IOCs pay ~35% income tax on their fee profit,0.006,derived from this country's EITI payment streams (domestic NOC vs foreign HQ shares),ok,,
ISR,Israel,0.25,rent_proxy,False,yes,,oil_gas,0.35,CIT 23% + Sheshinski excess-profits levy 20-50% (R-factor); blended ~0.35. AUDIT inclusion 2026-07-22,0.65,"Tamar/Leviathan partnerships: Chevron (ex-Noble) ~35-40% working interest = the foreign leg; Delek/NewMed, Ratio, Isramco domestic. AUDIT inclusion 2026-07-22",ok (audit inclusion),,
ITA,Italy,0.07,rent_proxy,False,no,rent-proxy-only and extractive rents 0.07% of GDP < 1% (forest excluded),,,,,,excluded — not a resource country,,
JAM,,0.75,rent_proxy,False,no,rent-proxy-only and extractive rents 0.75% of GDP < 1% (forest excluded),,,,,,excluded — not a resource country,,
JOR,Jordan,0.46,rent_proxy,False,no,rent-proxy-only and extractive rents 0.46% of GDP < 1% (forest excluded),,,,,,excluded — not a resource country,,
JPN,Japan,0.03,rent_proxy,False,no,rent-proxy-only and extractive rents 0.03% of GDP < 1% (forest excluded),,,,,,"excluded — not a resource country | AUDIT 2026-07-22: inclusion checked and REJECTED for materiality - domestic extraction negligible (INPEX/JAPEX small gas fields, no royalty regime of scale; take <$50m/yr)",,
KAZ,Kazakhstan,17.38,eiti_bilateral|grd_distributed,True,yes,,coal,0.4,resource_profit_tax_rate.csv (oil_gas): CIT 20% + excess profit tax + rent tax on exports; ~0.40 profit-based blended,0.352,derived from this country's EITI payment streams (domestic NOC vs foreign HQ shares),ok,,
KEN,,0.01,rent_proxy,False,no,rent-proxy-only and extractive rents 0.01% of GDP < 1% (forest excluded),,,,,,excluded — not a resource country,,
KGZ,Kyrgyz Republic,7.37,eiti_bilateral|rent_proxy,True,yes,,coal,0.1,effective_resource_cit_rates.csv (combined): STS,0.125,derived from this country's EITI payment streams (domestic NOC vs foreign HQ shares),ok,,
KHM,Cambodia,0.01,rent_proxy,False,no,negligible extractives — no real oil/mining production (web research),,,,,,excluded — not a resource country,,
KOR,South Korea,0.05,rent_proxy,False,no,rent-proxy-only and extractive rents 0.05% of GDP < 1% (forest excluded),,,,,,excluded — not a resource country,,
KWT,Kuwait,36.68,manual_distributed,False,yes,,oil_gas,0.15,resource_profit_tax_rate.csv (oil_gas): no CIT on KPC; state takes revenue directly — most is equity-side; small profit-based component,1.0,manual_resource_revenue.csv: KPC 100% state — most is the state's direct oil revenue; rough | AUDIT 2026-07-22: dom -> 1.0 (no foreign upstream producer; phantom generic slice removed),ok,,
LAO,Lao PDR,2.19,manual_distributed,False,yes,,minerals,0.24,effective_resource_cit_rates.csv (combined): MoF Laos,0.2,manual_resource_revenue.csv: Laos mining (Sepon copper/gold - MMG then Chifeng/Zijin; Phu Bia gold): royalty + natural-resource tax [pre] + profit tax [post] + state free-equity stakes [equity]. ESTIMATE.,ok,,
LBR,Liberia,1.21,eiti_bilateral|rent_proxy,True,yes,,minerals,0.3,effective_resource_cit_rates.csv (combined): LRA,0.149,derived from this country's EITI payment streams (domestic NOC vs foreign HQ shares),ok,,
LBY,Libya,28.77,manual_distributed,False,yes,,oil_gas,0.5,resource_profit_tax_rate.csv (oil_gas): EPSA/concession income tax; ~0.50; highly disrupted period,0.72,manual_resource_revenue.csv: Libya MoF Revenue Statement (cited in 2021-22 rows); regime structurally the same 2016-2020. Revised 2026-05.,ok,,
LKA,Sri Lanka,0.0,rent_proxy,False,no,rent-proxy-only and extractive rents 0.00% of GDP < 1% (forest excluded),,,,,,excluded — not a resource country,,
LSO,,0.0,manual_distributed,False,yes,,minerals,0.25,[high conf] Revenue Services Lesotho (25% CIT on diamond mining; 10% is royalty),0.25,"manual_resource_revenue.csv: Lesotho diamonds (Letseng/Gem Diamonds, Liqhobong): royalty 8-10% [pre] + mining CIT [post] + govt stakes (Letseng 30%) [equity]. ESTIMATE — WB rents data doesn't capture small diamond mines.",ok (researched),,
LTU,,0.02,rent_proxy,False,no,rent-proxy-only and extractive rents 0.02% of GDP < 1% (forest excluded),,,,,,excluded — not a resource country,,
LVA,,0.05,rent_proxy,False,no,negligible extractives — no real oil/mining production (web research),,,,,,excluded — not a resource country,,
MAR,Morocco,1.44,manual_distributed,False,yes,,minerals,0.31,resource_profit_tax_rate.csv (minerals): CIT ~31% on OCP; phosphate royalties small,0.95,manual_resource_revenue.csv: OCP state-dominant (95%+); CIT on phosphate profits + dividends to state. Revised 2026-05 from 10/50/40. Confidence low — needs OCP financial statement review.,ok,,
MDA,,0.01,rent_proxy,False,no,rent-proxy-only and extractive rents 0.01% of GDP < 1% (forest excluded),,,,,,excluded — not a resource country,,
MDG,,0.14,eiti_bilateral|grd_distributed,True,yes,,coal,0.25,[high conf] Madagascar LGIM large-mining 25% CIT (Ambatovy),0.343,derived from this country's EITI payment streams (domestic NOC vs foreign HQ shares),ok (researched),,
MEX,Mexico,2.28,manual_distributed,False,yes,,oil_gas,0.3,resource_profit_tax_rate.csv (oil_gas): Pemex special regime ~30% + DUC; reformed-contract IOCs ~30% CIT,0.85,"manual_resource_revenue.csv: Mexico Pemex fiscal contribution 2016: Derecho Petrolero $15.0B (pre) + ISR petrolero $5.0B (post) + dividend/equity-stake transfers $5.0B. Sources: SHCP Estadísticas Oportunas, Pemex 20-F annual reports. Component splits estimated.",ok,manual,EITI bilateral is very thin (Pemex does not report to EITI); manual = Pemex fiscal contribution (SHCP / 20-F sourced)
MKD,,0.28,rent_proxy,False,no,rent-proxy-only and extractive rents 0.28% of GDP < 1% (forest excluded),,,,,,excluded — not a resource country,,
MLI,Mali,7.36,eiti_bilateral|grd_distributed,True,yes,,minerals,0.3,resource_profit_tax_rate.csv (minerals): CIT 30% on mining,0.027,derived from this country's EITI payment streams (domestic NOC vs foreign HQ shares),ok,,
MMR,Myanmar,4.2,eiti_bilateral|grd_distributed|rent_proxy,True,yes,,coal,0.25,effective_resource_cit_rates.csv (combined): Internal Revenue Dept,0.33,derived from this country's EITI payment streams (domestic NOC vs foreign HQ shares),ok,,
MNE,,0.34,rent_proxy,False,no,rent-proxy-only and extractive rents 0.34% of GDP < 1% (forest excluded),,,,,,excluded — not a resource country,,
MNG,Mongolia,17.85,eiti_bilateral|grd_distributed,True,yes,,coal,0.3,effective_resource_cit_rates.csv (combined): MTA + Minerals Law,0.329,derived from this country's EITI payment streams (domestic NOC vs foreign HQ shares),ok,,
MOZ,Mozambique,6.3,eiti_bilateral,True,yes,,coal,0.32,effective_resource_cit_rates.csv (combined): Mozambique petroleum code,0.0,derived from this country's EITI payment streams (domestic NOC vs foreign HQ shares),ok,,
MRT,,4.46,eiti_bilateral|grd_distributed,True,yes,,coal,0.25,[high conf] Mauritania Mining Code 2012 (25% CIT) + PwC WTS 2024,0.307,derived from this country's EITI payment streams (domestic NOC vs foreign HQ shares),ok (researched),,
MUS,,0.0,rent_proxy,False,no,rent-proxy-only and extractive rents 0.00% of GDP < 1% (forest excluded),,,,,,excluded — not a resource country,,
MWI,,0.03,eiti_bilateral|rent_proxy,True,yes,,coal,0.3,[med conf] Malawi Taxation Act 11th Sch (mining 30%; conditional 15% RRT on top),0.351,derived from this country's EITI payment streams (domestic NOC vs foreign HQ shares),ok (researched),,
MYS,Malaysia,4.24,manual_distributed,False,yes,,oil_gas,0.38,effective_resource_cit_rates.csv (combined): IRBM + PITA,0.85,"manual_resource_revenue.csv: Malaysia oil & gas (Petronas + PSC contractors): royalty 5% + petroleum export duties [pre] + petroleum income tax 38% [post] + Petronas dividend to the federal govt [equity, ~half of the total]. RM bn -> /avg MYR-USD. Anchored on headline Petronas-contribution figures (2022 ~RM55-59bn, dividends RM50bn 2022 / RM24bn 2019 / RM40bn 2023). Source: Petronas annual reports / Malaysian MoF budget revenue tables — needs the year-by-year breakdown.",ok,,
NAM,Namibia,1.67,grd_distributed,False,yes,,minerals,0.375,resource_profit_tax_rate.csv (minerals): non-diamond mining CIT 37.5%; diamonds 55%,0.2,[med conf] Namdeb 50/50 + uranium low state share; diamond/uranium weighted,ok (researched),,
NCL,New Caledonia,2.96,manual_distributed,False,yes,,minerals,0.3,effective_resource_cit_rates.csv (combined): DSF + nickel code,0.4,[med conf] USGS MYB 2020-21 + SLN/SMSP (output-weighted; sensitive to active plants),ok (hand-collected manual entry),,
NER,Niger,1.26,eiti_bilateral|grd_distributed,True,yes,,coal,0.3,effective_resource_cit_rates.csv (combined): DGI Niger,0.108,derived from this country's EITI payment streams (domestic NOC vs foreign HQ shares),ok,,
NGA,Nigeria,6.13,eiti_bilateral|grd_distributed,True,yes,,coal,0.65,resource_profit_tax_rate.csv (oil_gas): PPT 50% (deepwater PSCs) to 85% (onshore JVs); period blend ~0.65,0.225,derived from this country's EITI payment streams (domestic NOC vs foreign HQ shares),ok,,
NIC,,0.89,rent_proxy,False,no,rent-proxy-only and extractive rents 0.89% of GDP < 1% (forest excluded),,,,,,excluded — not a resource country,,
NLD,Netherlands,0.25,eiti_bilateral|rent_proxy,True,yes,,oil_gas,0.5,effective_resource_cit_rates.csv (combined): Mining Act 2003 + Belastingdienst,0.883,derived from this country's EITI payment streams (domestic NOC vs foreign HQ shares),ok,,
NOR,Norway,6.14,eiti_bilateral|grd_distributed,True,yes,,coal,0.78,resource_profit_tax_rate.csv (oil_gas): CIT 22% + special petroleum tax 56%,0.58,derived from this country's EITI payment streams (domestic NOC vs foreign HQ shares),ok,,
NPL,,0.0,rent_proxy,False,no,rent-proxy-only and extractive rents 0.00% of GDP < 1% (forest excluded),,,,,,excluded — not a resource country,,
NZL,,0.48,rent_proxy,False,yes,,oil_gas,0.28,"No special petroleum tax - royalty (AVR/APR, pre-profit) + ordinary CIT 28%. MBIE royalty regime. AUDIT inclusion 2026-07-22",0.35,"Todd Energy ~30-35% domestic; OMV (AUT, ex-Shell assets 2018) largest producer; Beach (AUS) Kupe. AUDIT inclusion 2026-07-22",ok (audit inclusion),,
OMN,Oman,23.25,manual_distributed,False,yes,,oil_gas,0.3,resource_profit_tax_rate.csv (oil_gas): income tax ~15-30% + EPSA share; ~0.30 profit-based,0.62,manual_resource_revenue.csv: Oman State General Budget guides (2015-2026 MoF) distinguish Oil revenue + Gas revenue. PDO (60% state / 34% Shell / 34% Total / 4% Partex) operating regime: royalty + cost-oil/profit-oil + IOC CIT. State NOC dividend channel exists but is smaller than for ARE/SAU. Revised 2026-05 to 45/30/25 from 30/25/45.,ok,,
PAK,Pakistan,1.06,manual_distributed,False,yes,,oil_gas,0.4,effective_resource_cit_rates.csv (combined): FBR + petroleum policy,0.955,[high conf] SECMC Thar coal (control-share basis; ~0.87-0.91 on total equity),ok (hand-collected manual entry),,
PAN,,0.71,rent_proxy,False,no,rent-proxy-only and extractive rents 0.71% of GDP < 1% (forest excluded),,,,,,excluded — not a resource country,,
PER,Peru,5.76,manual_distributed,False,yes,,minerals,0.32,resource_profit_tax_rate.csv (minerals): CIT 29.5% + modified mining royalty/special tax on operating margin,0.1,manual_resource_revenue.csv: Peru SUNAT tax revenue (CIT + Regalías Mineras combined),ok,manual,SUNAT tax-authority data covers 2016-2022 and is ~65% larger than EITI in the 2016-20 overlap; EITI Peru is missing 2021-22 entirely
PHL,Philippines,0.8,eiti_bilateral,True,yes,,minerals,0.25,effective_resource_cit_rates.csv (combined): BIR,0.113,derived from this country's EITI payment streams (domestic NOC vs foreign HQ shares),ok,,
PNG,Papua New Guinea,14.38,eiti_bilateral|grd_distributed,True,yes,,minerals,0.4,effective_resource_cit_rates.csv (combined): IRC PNG,0.043,derived from this country's EITI payment streams (domestic NOC vs foreign HQ shares),ok,,
POL,Poland,1.48,manual_distributed,False,yes,,coal,0.24,effective_resource_cit_rates.csv (combined): Ministerstwo Finansów,0.95,"manual_resource_revenue.csv: KGHM Polska Miedz Report on Payments to Governments 2016-2022 (extractive payments, mineral extraction tax + royalties); OECD Revenue Statistics 5128 (other taxes on specific goods/services) + KGHM dividend reports; 2022 anchored on $3B total fills entry (coal $2.2B + minerals $0.8B); 2016-21 extrapolated by WB rent ratios. JSW + PGG + Bogdanka coal-sector payment reports NOT YET INTEGRATED. | AUDIT 2026-07-22: dom 0.70-0.85 -> 0.95 - KGHM/PGG/JSW/Tauron all Polish-state or Polish-listed; no foreign extractive operator of scale (CHN 432m generic share was phantom)",ok,,
PRT,,0.1,rent_proxy,False,no,rent-proxy-only and extractive rents 0.10% of GDP < 1% (forest excluded),,,,,,excluded — not a resource country,,
PRY,,0.06,rent_proxy,False,no,negligible extractives — no real oil/mining production (web research),,,,,,excluded — not a resource country,,
QAT,Qatar,21.46,manual_distributed,False,yes,,oil_gas,0.35,resource_profit_tax_rate.csv (oil_gas): LNG-JV income tax ~35%; QatarEnergy share is equity-side,0.68,"manual_resource_revenue.csv: IMF Article IV 2019/2022/2024 Figure 4 shows central-gov revenue structure: Oil + LNG-related (pre-profit royalty/PSC, dominant), Corporate tax (~85% from QE, post-profit, 15-25%), Investment income (QE dividends + QIA, ~10-20%; resource-attributable portion smaller). Revised 2026-05 from 20/30/50 to 55/25/20 after IMF Art IV review.",ok,,
ROU,Romania,0.67,rent_proxy,False,no,rent-proxy-only and extractive rents 0.67% of GDP < 1% (forest excluded),,,,,,excluded — not a resource country,,
RUS,Russia,11.43,manual_distributed,False,yes,,oil_gas,0.2,resource_profit_tax_rate.csv (oil_gas): profit tax 20% on the sector; MET + export duty are pre-profit; APT on some fields raises effective,0.85,"manual_resource_revenue.csv: Russian MinFin 'brief annual federal budget execution' table: oil&gas revenues RUB 4844/5972/9018/7924/5235/9056/11586 bn for 2016-2022, /avg USDRUB; this federal line is MET (NDPI) + oil/gas export duties (both pre-profit) + the profit-based hydrocarbon tax NDD (since 2019); it EXCLUDES regional profit tax on oil&gas and Gazprom/Rosneft state dividends",ok,,
RWA,,0.13,rent_proxy,False,no,rent-proxy-only and extractive rents 0.13% of GDP < 1% (forest excluded),,,,,,excluded — not a resource country,,
SAU,Saudi Arabia,23.8,manual_distributed,False,yes,,oil_gas,0.45,effective resource take (royalties + special hydrocarbon tax + Zakat) ~= reported CbCR ETR 0.45; the 0.20 headline Aramco CIT under-removed (~$463bn residual at 37%); raised 2026-07 so the ETR-gap strip caps Saudi non-resource ETR at statutory. Prior: Aramco CIT 20% post-2017 (was 50%/85%); royalty pre-profit; equity/dividends post-profit-side,1.0,"manual_resource_revenue.csv: Saudi Aramco AR 2021 p.176 (royalties+taxes $38.6B) + p.179 (dividends $75.0B) + income taxes/zakat $95.2B. 2021 derived split 18.5/45.6/35.9, rounded to 20/45/35. Special 20% Aramco CIT + 50% historical CIT regime + ~$75B dividends. Revised 2026-05 from 30/25/45. | Split retuned 2026-06 to 0.25/0.20/0.55 (pre/post/equity): Aramco ~98% state-owned so dominant flow is dividends(equity)+royalties, CIT only 20%; lowered post (was ~0.37-0.46) to stop resource_profit_base=post/rate driving profit_loss_excl_resource negative. See manual_resource_data_sources.md. | AUDIT 2026-07-22: dom -> 1.0 (no foreign upstream producer; phantom generic slice removed)",ok,,
SDN,Sudan,4.66,grd_distributed|rent_proxy,False,yes,,minerals,0.35,effective_resource_cit_rates.csv (combined): IMF Sudan,0.55,[low conf] Sudan Transparency Initiative Gold Sector 2024 (opaque/war-disrupted),verify (low-confidence value),,
SEN,Senegal,1.44,eiti_bilateral|grd_distributed,True,yes,,minerals,0.3,effective_resource_cit_rates.csv (combined): PSC terms,0.044,derived from this country's EITI payment streams (domestic NOC vs foreign HQ shares),ok,,
SGP,,0.0,rent_proxy,False,no,rent-proxy-only and extractive rents 0.00% of GDP < 1% (forest excluded),,,,,,excluded — not a resource country,,
SLB,,0.58,eiti_bilateral|rent_proxy,True,yes,,minerals,0.3,[med conf] Solomon Islands Business Registry 2026 (resident CIT 30%),0.4,derived from this country's EITI payment streams (domestic NOC vs foreign HQ shares),ok (researched),,
SLE,Sierra Leone,1.26,eiti_bilateral,True,yes,,minerals,0.3,effective_resource_cit_rates.csv (combined): NRA,0.0,derived from this country's EITI payment streams (domestic NOC vs foreign HQ shares),ok,,
SLV,,0.0,rent_proxy,False,no,rent-proxy-only and extractive rents 0.00% of GDP < 1% (forest excluded),,,,,,excluded — not a resource country,,
SOM,,0.0,manual_distributed,False,no,negligible extractives — no real oil/mining production (web research),,,,,,excluded — not a resource country,,
SRB,,0.99,rent_proxy,False,no,rent-proxy-only and extractive rents 0.99% of GDP < 1% (forest excluded),,,,,,excluded — not a resource country,,
SSD,South Sudan,,manual_distributed,False,yes,,oil_gas,0.6,effective_resource_cit_rates.csv (combined): Petroleum Act 2012,0.1,manual_resource_revenue.csv: IMF Art IV 2019 Text Table 1: 2016/17 net oil revenue $910M (Sudan transfers $480M; advances $150M; Nilepet $224M; Treasury $56M),ok,,
STP,,0.0,eiti_bilateral,True,yes,,oil_gas,0.3,[med conf] Sao Tome Petroleum Taxation Act / Model PSC (30% petroleum CIT); pre-production,0.0,derived from this country's EITI payment streams (domestic NOC vs foreign HQ shares),REVIEW: negligible extractives — consider excluding,,
SUR,,8.76,grd_distributed,False,yes,,minerals,0.36,[high conf] Staatsolie/TotalEnergies Block 58 terms + Suriname CIT 2024-25,0.5,"[low conf] EITI Suriname FY2023-24 + Newmont/Rosebel ownership | AUDIT 2026-07-22: blended dom 0.38 -> 0.5: oil = 100% Staatsolie domestic in-window (Block 58 first oil 2028), minerals = Newmont/IAMGOLD foreign-dominated (~0.15 dom); take-weighted blend documented in audit log",verify (low-confidence value),,
SVK,,0.02,rent_proxy,False,no,rent-proxy-only and extractive rents 0.02% of GDP < 1% (forest excluded),,,,,,excluded — not a resource country,,
SVN,,0.03,rent_proxy,False,no,rent-proxy-only and extractive rents 0.03% of GDP < 1% (forest excluded),,,,,,excluded — not a resource country,,
SWE,,0.6,rent_proxy,False,no,rent-proxy-only and extractive rents 0.60% of GDP < 1% (forest excluded),,,,,,excluded — not a resource country,,
SWZ,,0.13,rent_proxy,False,no,rent-proxy-only and extractive rents 0.13% of GDP < 1% (forest excluded),,,,,,excluded — not a resource country,,
SYR,Syria,3.93,rent_proxy,False,no,resource fiscal data war-disrupted and opaque post-2011 — not reliably collectable,,,,,,excluded — not reliably collectable,,
TCD,Chad,12.51,eiti_bilateral|grd_distributed,True,yes,,minerals,0.4,effective_resource_cit_rates.csv (combined): Chad petroleum code,0.117,derived from this country's EITI payment streams (domestic NOC vs foreign HQ shares),ok,,
TGO,,2.54,eiti_bilateral,True,yes,,minerals,0.27,"[high conf] Togo Code General des Impots Art.113 (CIT 27%, no surtax)",0.0,derived from this country's EITI payment streams (domestic NOC vs foreign HQ shares),ok (researched),,
THA,Thailand,1.17,manual_distributed,False,yes,,oil_gas,0.5,effective_resource_cit_rates.csv (combined): DMF + Revenue Dept,0.8,[med conf] PTTEP supplies ~82% of Thai gas (state-controlled),ok (hand-collected manual entry),,
TJK,Tajikistan,4.57,eiti_bilateral|rent_proxy,True,yes,,coal,0.18,effective_resource_cit_rates.csv (combined): Tax Committee,0.172,derived from this country's EITI payment streams (domestic NOC vs foreign HQ shares),ok,,
TKM,,14.06,manual_distributed,False,yes,,oil_gas,0.2,resource_profit_tax_rate.csv (oil_gas): state-owned; opaque; ~0.20 profit-based,0.95,manual_resource_revenue.csv: opaque; Turkmengaz/Turkmennebit 100% state; gas exports mostly to China; rough,ok,,
TLS,Timor-Leste,44.21,eiti_bilateral|grd_distributed,True,yes,,minerals,0.52,effective_resource_cit_rates.csv (combined): ANPM + AT,0.052,derived from this country's EITI payment streams (domestic NOC vs foreign HQ shares),ok,,
TTO,Trinidad and Tobago,7.59,eiti_bilateral|grd_distributed,True,yes,,oil_gas,0.85,effective_resource_cit_rates.csv (combined): MEEI + BIR,0.335,derived from this country's EITI payment streams (domestic NOC vs foreign HQ shares),ok,,
TUN,Tunisia,1.98,grd_distributed,False,yes,,minerals,0.45,effective_resource_cit_rates.csv (combined): Tunisia hydrocarbon code,0.85,[med conf] USGS MYB 2020-21 + CPG/ETAP (phosphate 100% state; petroleum mixed),ok (researched),,
TUR,Turkey,0.41,manual_distributed,False,yes,,minerals,0.25,effective_resource_cit_rates.csv (combined): GIB,0.5,manual_resource_revenue.csv: YEAR IMPUTED via nearest-year (2018); original method: MAPEG Mining Devlet Hakkı (state royalty); CIT-on-mining NOT included,ok,,
TZA,Tanzania,1.82,eiti_bilateral|rent_proxy,True,yes,,coal,0.3,resource_profit_tax_rate.csv (minerals): CIT 30%; royalty 6% revenue (pre-profit); 16% free carried interest is equity-side,0.2,derived from this country's EITI payment streams (domestic NOC vs foreign HQ shares),ok,,
UGA,,0.03,eiti_bilateral|grd_distributed,True,yes,,minerals,0.3,[med conf] PwC WTS Uganda 2026 (upstream petroleum & mining CIT 30%),0.067,derived from this country's EITI payment streams (domestic NOC vs foreign HQ shares),ok (researched),,
UKR,,2.79,eiti_bilateral,True,yes,,coal,0.18,"[high conf] PwC WTS Ukraine 2025 (18% CIT; subsoil rent is royalty, excluded)",0.717,derived from this country's EITI payment streams (domestic NOC vs foreign HQ shares),ok (researched),,
URY,,0.02,grd_distributed|rent_proxy,False,no,negligible extractives — no real oil/mining production (web research),,,,,,excluded — not a resource country,,
USA,United States,0.54,eiti_bilateral|manual_distributed,True,yes,,coal,0.23,resource_profit_tax_rate.csv (oil_gas): federal CIT 21% + state CIT; severance taxes are pre-profit,0.7,manual_resource_revenue.csv: federal+state coal royalties/severance pre-profit; CIT,ok,,
UZB,Uzbekistan,12.97,manual_distributed,False,yes,,minerals,0.15,effective_resource_cit_rates.csv (combined): State Tax Committee,0.9,"manual_resource_revenue.csv: Uzbekistan: subsurface-use tax [pre] (UZS bn, SOURCED for 2021=15,811.9 / 2022=13,887.4 from MoF 2022 Budget Brief; 2016-20 estimated) + mining-sector corporate income tax [post] (2022=17,393.7 bn UZS = 46% of total CIT per the same brief; other years estimated) + state revenue from Navoi/Almalyk (wholly state-owned gold/copper) + Uzbekneftegaz [equity, estimated]; /avg UZS-USD. Commodity split minerals(gold+copper)/oil_gas(gas) ~0.65/0.35.",ok,,
VEN,,,manual_distributed,False,yes,,oil_gas,0.2,resource_profit_tax_rate.csv (oil_gas): PDVSA; collapsed regime; ~0.20 effective profit-based,0.88,manual_resource_revenue.csv: PDVSA 100% state; fiscal regime collapsed but state take is primarily via PDVSA dividend / direct transfer. Revised 2026-05 from 30/20/50. Confidence low.,ok,,
VIR,,0.34,rent_proxy,False,no,rent-proxy-only and extractive rents 0.34% of GDP < 1% (forest excluded),,,,,,excluded — not a resource country,,
VNM,Vietnam,1.42,grd_distributed,False,yes,,coal,0.5,effective_resource_cit_rates.csv (combined): GDT + petroleum law,0.9,[med conf] Global Energy Monitor (Vinacomin ~95% coal) + PVN/Vietsovpetro,ok (researched),,
YEM,Yemen,2.48,manual_distributed,False,yes,,oil_gas,0.35,effective_resource_cit_rates.csv (combined): IMF,0.1,"manual_resource_revenue.csv: Yemen state oil revenue 2016: collapse phase, Hadi government partial collection; OPEC/IMF estimates ~$0.3B. Confidence low.",ok,,
ZAF,South Africa,3.81,manual_distributed,False,yes,,minerals,0.27,resource_profit_tax_rate.csv (minerals): CIT 27%; the mining royalty is revenue-based (pre-profit),0.45,"manual_resource_revenue.csv: South Africa mining: MPRR mineral royalty from SARS Tax Statistics (ZAR bn ~3/4/7/7/14/28/25; SARS: 2016/17 R2.1bn, 2020/21 R14.3bn, 2021/22 R28.5bn); mining-sector corporate income tax is an estimate (ZAR bn ~10/15/18/18/25/50/50); negligible state equity; /avg ZAR per USD",ok,,
ZMB,Zambia,9.06,eiti_bilateral,True,yes,,minerals,0.3,resource_profit_tax_rate.csv (minerals): CIT 30%; mineral royalty is revenue-based (pre-profit),0.0,derived from this country's EITI payment streams (domestic NOC vs foreign HQ shares),ok,,
ZWE,,2.57,manual_distributed,False,yes,,coal,0.25,[high conf] ZIMRA mining 25% (note platinum SML 15%+APT),0.5,[low conf] US State Dept 2025 + production data (gold domestic vs platinum foreign),ok (hand-collected manual entry),,
