,partner_jurisdiction,sum_negative_misalignment,sum_positive_misalignment,net_misalignment,revenue_loss_incurred,revenue_loss_inflicted,revenue_loss_inflicted_pct,etr_average_corrected,cit
0,Afghanistan,17.77176019086038,0.0,17.77176019086038,3.5543520381720763,0.0,0.0,0.2063745106538741,0.2
1,Albania,13.432349324743804,35.49064349667945,-22.05829417193565,2.0148523987115703,8.810254212417737,0.00553259859045457,0.0861303706942517,0.15
2,Algeria,1195.6628668987323,0.0,1195.6628668987323,310.8723453936704,0.0,0.0,0.4978240894778786,0.26
3,American Samoa,-0.0,46.6218055943914,-46.6218055943914,-0.0,11.573471728314473,0.0072678235868028135,0.1161426815163184,0.34
4,Andorra,-0.0,9.214883721180636,-9.214883721180636,-0.0,2.287517501030015,0.0014364984025092898,0.0318948207127207,0.0
5,Angola,15.0276949657341,0.0,15.0276949657341,4.508308489720229,0.0,0.0,0.2499214905647195,0.3
6,Anguilla,3.0731997601335133,5.983713967685255,-2.910514207551742,0.0,1.4854067437417477,0.0009327947932642065,0.0,0.0
7,Antigua and Barbuda,0.27163398828491275,0.0,0.27163398828491275,0.06790849707122819,0.0,0.0,0.0,0.25
8,Argentina,2388.4383817971716,0.0,2388.4383817971716,716.5315145391514,0.0,0.0,0.2541279525878647,0.3
9,Armenia,17.35953621671216,0.0,17.35953621671216,3.4719072433424323,0.0,0.0,1.713032889060857,0.2
10,Aruba,0.11063190962424882,45.71054294792144,-45.59991103829719,0.027657977406062205,11.347258428732232,0.0071257678240250755,0.0,0.25
11,Australia,11046.211085373852,0.0,11046.211085373852,3313.8633256121557,0.0,0.0,0.3085691710434611,0.3
12,Austria,1746.9266888080322,6113.073176248058,-4366.146487440026,436.73167220200804,1517.5190809627422,0.9529604624221591,0.1120540402077095,0.25
13,Azerbaijan,21.632140126950777,0.0,21.632140126950777,4.326428025390156,0.0,0.0,0.162543014447504,0.2
14,Bahamas,959.9236275082546,36.51380324812271,923.4098242601319,0.0,9.064245028644347,0.005692097873671975,0.0035269961996583,0.0
15,Bahrain,300.8384269872256,133.79297757682718,167.04544941039842,0.0,33.21298314578147,0.020856844684248404,0.0108263939735142,0.0
16,Bangladesh,165.78275526374742,0.0,165.78275526374742,41.445688815936855,0.0,0.0,0.3749218770982083,0.25
17,Barbados,97.02582846767785,5116.367174446501,-5019.3413459788235,5.336420565722282,1270.0951859371198,0.797585026043249,0.0081760584512136,0.055
18,Belarus,25.851519646914046,0.0,25.851519646914046,4.653273536444528,0.0,0.0,0.1657153110604107,0.18
19,Belgium,48560.655669387925,0.0,48560.655669387925,14364.241947004948,0.0,0.0,0.193183972712142,0.2958
20,Belize,-0.0,1.695028717763531,-1.695028717763531,-0.0,0.42077664504004825,0.00026423622033102724,0.0439639765509934,0.25
21,Benin,28.721191460947605,0.0,28.721191460947605,8.61635743828428,0.0,0.0,inf,0.3
22,Bermuda,1140.7913692918792,22426.98518657514,-21286.19381728326,0.0,5567.310740092395,3.4961188191191908,0.013724512619564,0.0
23,Bolivia,187.35715585279405,0.0,187.35715585279405,46.83928896319851,0.0,0.0,0.1680265206253144,0.25
24,Bosnia and Herzegovina,46.92374172336433,89.38572566929078,-42.46198394592645,4.692374172336433,22.18925577332983,0.013934245511523238,0.1112124348996468,0.1
25,Botswana,45.72502578740737,0.0,45.72502578740737,10.059505673229621,0.0,0.0,0.3320142588842545,0.22
26,Brazil,8877.065637833672,0.0,8877.065637833672,3018.2023168634487,0.0,0.0,0.2328018584675387,0.34
27,British Virgin Islands,896.6496838558965,11447.69665516257,-10551.046971306674,0.0,2841.7945616585616,1.7845692311617196,0.0060195799699893,0.0
28,Brunei Darussalam,65.17673913865684,32.15172899838451,33.02501014027233,12.057696740651515,7.981396727028443,0.005012098767771918,0.0648098557069923,0.185
29,Bulgaria,310.42754738300266,723.4374187579914,-413.00987137498873,31.042754738300268,179.5872640807298,0.11277588820493023,0.105166238923721,0.1
30,Burkina Faso,17.706836212628204,0.0,17.706836212628204,4.957914139535897,0.0,0.0,0.157967385223003,0.28
31,Cabo Verde,-0.0,23.93296256372802,-23.93296256372802,-0.0,5.941156977400217,0.003730884027444366,0.0,0.22
32,Cambodia,313.41516306653824,0.0,313.41516306653824,62.68303261330765,0.0,0.0,0.2546729413363211,0.2
33,Cameroon,19.08669005524892,0.0,19.08669005524892,6.298607718232144,0.0,0.0,0.3687217348354439,0.33
34,Canada,19029.67416391191,1438.4105487077031,17591.263615204207,5065.699262433351,357.07333954437394,0.22423228744837487,0.1467051301877468,0.2662
35,Cayman Islands,7456.590544504496,41042.07260968671,-33585.48206518221,0.0,10188.349871133722,6.398004958431697,0.0027587914826526,0.0
36,Central African Republic,-0.0,0.0,-0.0,-0.0,0.0,0.0,0.2049404563384232,0.3
37,Chad,1.099723694625935,0.0,1.099723694625935,0.38490329311907723,0.0,0.0,inf,0.35
38,Chile,3870.1003292900427,0.0,3870.1003292900427,967.5250823225107,0.0,0.0,0.3640455364601989,0.25
39,China (People's Republic of),5192.77436493565,0.0,5192.77436493565,1298.1935912339125,0.0,0.0,0.1749403698380284,0.25
40,Chinese Taipei,868.9793229414852,0.0,868.9793229414852,173.79586458829704,0.0,0.0,0.21162819317897,0.2
41,Colombia,2178.218543344415,3797.959766714685,-1619.7412233702698,718.812119303657,942.8116184036447,0.5920599003479551,0.1447699628706242,0.33
42,Congo,642.5484514035036,0.0,642.5484514035036,192.76453542105108,0.0,0.0,0.0197041046109603,0.3
43,Cook Islands,8.891732730204827,4.965529095027291,3.9262036351775365,1.7783465460409655,1.2326508993966283,0.0007740710385986517,0.0049880409151699,0.2
44,Costa Rica,474.52829754305054,0.0,474.52829754305054,142.35848926291516,0.0,0.0,0.1708568605582438,0.3
45,Croatia,100.66367415679535,0.0,100.66367415679535,18.11946134822316,0.0,0.0,0.2262312630209246,0.18
46,Cuba,1.041205023020118,3.6600369757478646,-2.6188319527277466,0.36442175805704125,0.9085734437642489,0.0005705592634556995,0.0,0.35
47,Curacao,4.315446315058666,1440.5992233021436,-1436.283776987085,0.9493981893129065,357.61665963286674,0.22457347759831672,0.0153284541020206,0.22
48,Cyprus,1247.3441353261012,731.2534411493905,516.0906941767107,155.91801691576265,181.527526003696,0.11399431960557986,0.085211091027453,0.125
49,Czechia,1151.1042842773131,0.0,1151.1042842773131,218.7098140126895,0.0,0.0,0.1503935466877026,0.19
50,Côte d'Ivoire,73.41833648738367,53.28789460407311,20.13044188331056,18.354584121845917,13.228272345930627,0.008306993098120927,0.09714022668622,0.25
51,Democratic Republic of the Congo,1464.5754254412661,0.0,1464.5754254412661,410.0811191235546,0.0,0.0,0.2920674908798368,0.28
52,Denmark,4226.43342579984,10734.263466202308,-6507.8300404024685,929.8153536759647,2664.690763613766,1.6733528916779243,0.1456260256273773,0.22
53,Djibouti,1.604902864018243,0.0,1.604902864018243,0.40122571600456075,0.0,0.0,0.0,0.25
54,Dominican Republic,124.0215546897192,0.0,124.0215546897192,33.48581976622418,0.0,0.0,0.1621096739074673,0.27
55,Ecuador,47.88529501925598,0.0,47.88529501925598,11.971323754813994,0.0,0.0,0.2920390066362101,0.25
56,Egypt,693.4177488109045,0.0,693.4177488109045,156.0189934824535,0.0,0.0,0.2973815871780693,0.225
57,El Salvador,57.026883748339166,0.0,57.026883748339166,17.10806512450175,0.0,0.0,0.2033021147077683,0.3
58,Equatorial Guinea,40.736371620890104,0.0,40.736371620890104,14.257730067311535,0.0,0.0,0.1912459664116653,0.35
59,Estonia,146.75052564267702,1.6134483428132163,145.1370772998638,29.350105128535404,0.4005250020366218,0.00025151874262451294,0.0785822523619544,0.2
60,Eswatini,-0.0,0.0,-0.0,-0.0,0.0,0.0,0.2551774622839661,0.275
61,Ethiopia,205.60711388526002,0.0,205.60711388526002,61.682134165578006,0.0,0.0,0.3568636947905252,0.3
62,Faeroe Islands,1.0178089023764048,0.00017308203910876751,1.017635820337296,0.18320560242775286,4.29661627379211e-05,2.6981574614046195e-08,0.0873408340714805,0.18
63,Fiji,6.7327464224870415,0.0,6.7327464224870415,1.3465492844974083,0.0,0.0,0.1673011276885848,0.2
64,Finland,3265.515258624678,0.0,3265.515258624678,653.1030517249357,0.0,0.0,0.2052277059559278,0.2
65,France,35418.161826571704,0.0,35418.161826571704,12194.473116888637,0.0,0.0,0.2384006291617942,0.3443
66,French Guiana,-0.0,1.6095623703305768,-1.6095623703305768,-0.0,0.3995603420005838,0.0002509129625156792,0.0,0.28
67,French Polynesia,0.011917182749310645,59.47002753997216,-59.45811035722285,0.0032176393423138743,14.762934932291648,0.009270719212874466,0.00343584143833,0.27
68,Gabon,24.67928068675303,0.0,24.67928068675303,7.403784206025909,0.0,0.0,0.320956623087165,0.3
69,Gambia,-0.0,0.0,-0.0,-0.0,0.0,0.0,0.4170096659070711,0.31
70,Georgia,58.45377637469534,6.914206854854298,51.53956951984104,8.7680664562043,1.7163937890899905,0.001077848337769848,0.0916623124413189,0.15
71,Germany,23053.22373421903,0.0,23053.22373421903,6892.2359012214665,0.0,0.0,0.2158965720376348,0.29897059
72,Ghana,169.68805635224572,0.0,169.68805635224572,42.42201408806143,0.0,0.0,0.2100165285218892,0.25
73,Gibraltar,5.209502835851132,4328.940119597417,-4323.730616761566,0.0,1074.6230320550717,0.6748338616651942,0.0,0.0
74,Greece,2693.828818307008,0.0,2693.828818307008,646.5189163936819,0.0,0.0,0.2082251022922563,0.24
75,Greenland,-0.0,0.690486189831323,-0.690486189831323,-0.0,0.17140739821037207,0.0001076391562454072,0.0029838228522925,0.318
76,Grenada,0.12915028892225414,0.0,0.12915028892225414,0.03616208089823116,0.0,0.0,0.0,0.28
77,Guadeloupe,1.5795861872584713,0.0,1.5795861872584713,0.23693792808877068,0.0,0.0,0.0,0.15
78,Guam,64.4039711412582,47.4322471679764,16.971723973281797,13.524833939664221,11.774657043206378,0.00739416245997883,0.0479446557307966,0.21
79,Guatemala,93.84238700195465,0.0,93.84238700195465,23.460596750488662,0.0,0.0,0.2793942031726066,0.25
80,Guernsey,196.54702258015269,165.57046343550363,30.97655914464906,0.0,41.101477156115294,0.025810603087821796,0.0536040107034554,0.0
81,Guinea,7.147323669996911,0.0,7.147323669996911,2.5015632844989186,0.0,0.0,0.3463440848547772,0.35
82,Haiti,0.07341481919527588,0.0,0.07341481919527588,0.022024445758582766,0.0,0.0,0.0,0.3
83,Honduras,123.65504637890471,0.0,123.65504637890471,30.91376159472618,0.0,0.0,0.1825259753122263,0.25
84,"Hong Kong, China",1707.2620648189197,58464.219469281146,-56756.95740446223,281.69824069512174,14513.2515250996,9.113924864676932,0.0443237330252068,0.165
85,Hungary,925.7187839240709,2686.3171632250196,-1760.5983793009486,83.31469055316637,666.855677198629,0.41876711962585855,0.1011734898807683,0.09
86,Iceland,282.3881755753067,2.580070518828894,279.8081050564778,56.47763511506135,0.640480839942331,0.00040220444346357573,0.1386130462173072,0.2
87,India,5178.881617405384,0.0,5178.881617405384,1553.664485221615,0.0,0.0,0.4293340286666502,0.3
88,Indonesia,2630.740463294837,0.0,2630.740463294837,657.6851158237092,0.0,0.0,0.2740543034411213,0.25
89,Iran,223.4440736773231,382.4665039148004,-159.0224302374773,55.861018419330776,94.94409780254678,0.05962229568063737,0.0364845208901931,0.25
90,Iraq,75.00296558378764,0.0,75.00296558378764,11.250444837568146,0.0,0.0,0.3288222851986322,0.15
91,Ireland,2461.155491177134,0.0,2461.155491177134,307.64443639714176,0.0,0.0,0.1582939075886035,0.125
92,Isle of Man,41.54252106362677,3603.417789229565,-3561.8752681659385,0.0,894.518206175413,0.5617329588114027,0.0021170997079137,0.0
93,Israel,493.1718898584956,0.0,493.1718898584956,113.42953466745399,0.0,0.0,0.2026349900817226,0.23
94,Italy,16642.51982919508,0.0,16642.51982919508,4627.6856337853005,0.0,0.0,0.2738685025215883,0.278064
95,Jamaica,188.10672083626002,0.0,188.10672083626002,47.026680209065006,0.0,0.0,0.2189500652867373,0.25
96,Japan,11902.524674473982,0.0,11902.524674473982,3539.8108381885622,0.0,0.0,0.3473657788245061,0.2974
97,Jersey,407.22733362989607,1870.491976791697,-1463.264643161801,0.0,464.33392562646736,0.29158900078051725,0.0135783682320997,0.0
98,Jordan,237.54803297004972,0.0,237.54803297004972,47.509606594009945,0.0,0.0,0.1723132814910483,0.2
99,Kazakhstan,52.808951314318804,0.0,52.808951314318804,10.561790262863761,0.0,0.0,0.2778286175616263,0.2
100,Kenya,159.98053913725346,0.0,159.98053913725346,47.994161741176036,0.0,0.0,0.3109856567928871,0.3
101,Korea,3339.7558975840857,0.0,3339.7558975840857,918.4328718356236,0.0,0.0,0.4436673720315804,0.275
102,Kosovo,0.4923603050215168,0.16104627125038434,0.33131403377113244,0.04923603050215168,0.03997838443843991,2.5105331589752785e-05,0.0,0.1
103,Kuwait,212.4314297461431,142.98230227418796,69.44912747195514,31.864714461921462,35.49415583378224,0.02228935871777401,0.0329567337028142,0.15
104,Kyrgyzstan,69.83506353411673,0.9428841452665625,68.89217938885017,6.9835063534116735,0.23406307111433036,0.0001469852045244493,0.0149667791538681,0.1
105,Lao People's Democratic Republic,4.083707381018916,578.6466453114926,-574.5629379304737,0.9800897714445399,143.6441704652086,0.0902046088434874,0.0535648198515048,0.24
106,Latvia,445.99086034008315,9.585495581577469,436.4053647585057,89.19817206801663,2.3795187831295816,0.0014942726904460274,0.0473639370936302,0.2
107,Lebanon,130.169223093472,0.0,130.169223093472,22.12876792589024,0.0,0.0,0.3929613835709272,0.17
108,Lesotho,0.919128948824193,0.0,0.919128948824193,0.22978223720604826,0.0,0.0,0.3646838431961393,0.25
109,Liberia,849.5294262270545,195.41460891498596,654.1148173120686,212.38235655676363,48.51003565270096,0.030462975120145005,0.00077687240855,0.25
110,Libya,3.9758523635131215,3677.380828431485,-3673.404976067972,0.7951704727026243,912.8789095465112,0.5732629781662945,0.1461554047544399,0.2
111,Liechtenstein,32.422792610860036,16.515164185580478,15.907628425279558,4.0528490763575045,4.099750821604414,0.00257453134381227,0.0726888911895938,0.125
112,Lithuania,128.10452865013661,197.92378654371197,-69.81925789357535,19.21567929752049,49.1329179280042,0.030854128146524724,0.1235923058880233,0.15
113,Luxembourg,17971.577298593245,24153.784867784732,-6182.207569191487,4482.1113782691555,5995.974260008618,3.76530778108184,0.0354134434911475,0.2494
114,"Macau, China",6.579532529419919,0.0,6.579532529419919,0.7895439035303903,0.0,0.0,0.2843716012723531,0.12
115,Madagascar,5.633078105210442,0.0,5.633078105210442,1.1266156210420886,0.0,0.0,0.2037815631685531,0.2
116,Malawi,95.12749456204816,9.077075229852914,86.05041933219525,28.538248368614447,2.2533077003161845,0.0014150155836659584,0.0970675960836723,0.3
117,Malaysia,2874.883252619408,0.0,2874.883252619408,689.9719806286579,0.0,0.0,0.215595585358181,0.24
118,Maldives,30.160893834958504,0.0,30.160893834958504,4.524134075243776,0.0,0.0,0.0,0.15
119,Mali,33.920824770913306,0.0,33.920824770913306,10.17624743127399,0.0,0.0,0.2455507442036822,0.3
120,Malta,187.21026795084197,6545.687270929286,-6358.477002978444,9.36051339754208,1624.9118970544869,1.0204002125824536,0.0979053230154842,0.0499999999999999
121,Marshall Islands,100.23396990152092,421.4813672048123,-321.24739730329134,0.0,104.62920998373025,0.06570428113872841,0.0009717572610716,0.0
122,Mauritania,3.815614991324958,0.0,3.815614991324958,0.9539037478312395,0.0,0.0,0.558469033845318,0.25
123,Mauritius,1074.2550285662942,967.7447424461182,106.51028612017603,161.1382542849441,240.23450559522087,0.1508606965235261,0.0650500001436063,0.15
124,Mexico,9724.38168716996,0.0,9724.38168716996,2917.314506150988,0.0,0.0,0.2600084638608487,0.3
125,Micronesia,-0.0,0.0,-0.0,-0.0,0.0,0.0,0.1845793776268058,0.21
126,Moldova,60.70983308306366,0.14281298228010783,60.56702010078355,7.285179969967639,0.03545212356713059,2.226296360435007e-05,0.1175559421301305,0.12
127,Monaco,16.36316159377876,271.7446649047307,-255.38150331095196,0.0,67.45833106415634,0.042361986199436694,0.1169608172534022,0.0
128,Mongolia,103.79698723285713,0.0,103.79698723285713,25.949246808214284,0.0,0.0,0.203261807540703,0.25
129,Montenegro,10.297230117649802,8.779238527104358,1.517991590545444,0.9267507105884821,2.1793722399673583,0.0013685861374947029,0.0407920758060857,0.09
130,Morocco,765.5077910003707,0.0,765.5077910003707,237.30741521011493,0.0,0.0,0.2547776410761,0.31
131,Mozambique,5550.320006982413,0.0,5550.320006982413,1776.1024022343722,0.0,0.0,0.4349796638187226,0.32
132,Myanmar,131.56051328138392,256.3524455232692,-124.79193224188526,32.89012832034598,63.637341860152,0.03996250952435727,0.0943541875242681,0.25
133,Namibia,185.37990040101238,0.0,185.37990040101238,59.32156812832396,0.0,0.0,0.2477803510517145,0.32
134,Nepal,3.29942356554379,0.0,3.29942356554379,0.8248558913859475,0.0,0.0,0.198046742311353,0.25
135,Netherlands,11795.196013545627,68491.94563249766,-56696.74961895204,2948.7990033864066,17002.550336452958,10.677136409186314,0.0909981101512907,0.25
136,New Caledonia,244.79263782692325,0.0,244.79263782692325,0.0,0.0,0.0,0.360044926457249,0.0
137,New Zealand,765.0814644941962,0.0,765.0814644941962,214.22281005837496,0.0,0.0,0.2515324036231791,0.28
138,Nicaragua,108.03939340667293,0.0,108.03939340667293,32.411818022001874,0.0,0.0,0.4965591165836738,0.3
139,Niger,54.42811109045628,1.2220730393319916,53.20603805112429,16.32843332713688,0.3033693695540961,0.00019050766367404129,0.0150858786931979,0.3
140,Nigeria,58.512984735552415,0.0,58.512984735552415,17.553895420665725,0.0,0.0,0.5088287937127918,0.3
141,North Macedonia,46.529209800574456,0.0,46.529209800574456,4.652920980057446,0.0,0.0,0.3840643629817059,0.1
142,Northern Mariana Islands,0.24057360788296261,0.0,0.24057360788296261,0.050520457655422145,0.0,0.0,0.0,0.21
143,Norway,2042.0045355351435,0.0,2042.0045355351435,449.24099781773157,0.0,0.0,0.3887304175805448,0.22
144,Oman,407.6440770424799,353.8519210124619,53.79215603001802,61.14661155637199,87.84076789038299,0.055161598848055694,0.0736774187341991,0.15
145,Other Africa,3861.685441576843,0.0,3861.685441576843,0.0,0.0,0.0,0.4916471563541001,0.0
146,Other Americas,11585.385860261566,24066.81143608657,-12481.425575825004,0.0,5974.38383595618,3.751749585506567,0.1095611745866766,0.0
147,Other Asia,6575.985237693358,0.0,6575.985237693358,0.0,0.0,0.0,0.2789136153990326,0.0
148,Other Europe,6186.5290029178295,0.0,6186.5290029178295,0.0,0.0,0.0,0.1686058350254151,0.0
149,Other Groups,2812.1374316103743,0.0,2812.1374316103743,0.0,0.0,0.0,0.3409327423477173,0.0
150,Pakistan,133.3516071228539,0.0,133.3516071228539,38.67196606562763,0.0,0.0,0.1675781048696416,0.29
151,Palau,-0.0,0.07376926040249905,-0.07376926040249905,-0.0,0.018312599411415744,1.1499811384370307e-05,0.0,0.0
152,Panama,589.9791859639183,1765.7212539377733,-1175.742067973855,147.49479649097958,438.32547349884703,0.2752564044544812,0.0712565595342664,0.25
153,Papua New Guinea,178.25614634461252,135.28512442577335,42.97102191883917,53.47684390338375,33.58339607060499,0.021089453866271354,0.1326942911541803,0.3
154,Paraguay,36.979972943775984,360.62438672000854,-323.64441377623257,3.6979972943775987,89.52197562993695,0.056217351309432735,0.0476709085448948,0.1
155,Peru,2192.7970272934017,0.0,2192.7970272934017,646.8751230515535,0.0,0.0,0.2852445673339391,0.295
156,Philippines,2238.097560190014,0.0,2238.097560190014,671.4292680570042,0.0,0.0,0.2411196021005085,0.3
157,Poland,3089.107062944737,0.0,3089.107062944737,586.9303419595001,0.0,0.0,0.1877775137173408,0.19
158,Portugal,1709.4626374868674,0.0,1709.4626374868674,538.4807308083632,0.0,0.0,0.1541598375582598,0.315
159,Puerto Rico,277.6561596254566,17279.919902993886,-17002.26374336843,104.12105985954622,4289.595006352499,2.693748297559512,0.0636328332969825,0.375
160,Qatar,387.17839068917374,0.0,387.17839068917374,38.71783906891738,0.0,0.0,0.3407042269488724,0.1
161,Romania,3405.949552620131,0.0,3405.949552620131,544.951928419221,0.0,0.0,0.1818579861618272,0.16
162,Russia,1208.927158096389,0.0,1208.927158096389,241.7854316192778,0.0,0.0,0.4109568918230408,0.2
163,Rwanda,7.9470652650847695,3.4845119143595165,4.462553350725253,2.384119579525431,0.865000821260905,0.0005431968487021468,0.0689125753152821,0.3
164,Saint Kitts and Nevis,-0.0,134.56860014767082,-134.56860014767082,-0.0,33.405524935638304,0.020977755660195507,0.0,0.33
165,Saint Lucia,3.538805992284299,0.0,3.538805992284299,1.0616417976852897,0.0,0.0,0.2509574880222049,0.3
166,Saint Martin,0.6777326728158422,0.0,0.6777326728158422,0.13554653456316842,0.0,0.0,0.0,0.2
167,Saint Vincent and the Grenadines,0.010498332755906717,1.2065376310272835,-1.1960392982713768,0.003149499826772015,0.2995128349023367,0.0001880858654303209,0.0,0.3
168,Samoa,1034.488811781605,71.22956536245857,963.2592464191464,279.31197918103334,17.682141445026193,0.011103901031264789,0.0840985044364211,0.27
169,Saudi Arabia,1376.0019764683457,0.0,1376.0019764683457,275.20039529366915,0.0,0.0,0.6671076151717369,0.2
170,Senegal,34.56148075703301,0.0,34.56148075703301,10.368444227109903,0.0,0.0,0.192186523547772,0.3
171,Serbia,304.54075048725326,314.9452117062446,-10.404461218991344,45.68111257308799,78.18250402744448,0.04909647339923302,0.0843813047946401,0.15
172,Seychelles,106.00022260396517,55.633487565848526,50.366735038116644,31.80006678118955,13.810546101379234,0.008672645085110483,0.0027869788351177,0.3
173,Sierra Leone,0.1139490472734296,0.0,0.1139490472734296,0.034184714182028876,0.0,0.0,1.3987119382209177,0.3
174,Singapore,12958.819510902302,33320.572557337255,-20361.753046434955,2202.9993168533915,8271.552325077382,5.19430854447909,0.1094251849595386,0.17
175,Sint Maarten,-0.0,0.008670003776125226,-0.008670003776125226,-0.0,0.0021522556303447023,1.3515576485817772e-06,0.0,0.35
176,Slovak Republic,796.9962336811433,0.0,796.9962336811433,167.36920907304008,0.0,0.0,0.2619459293331711,0.21
177,Slovenia,260.0000735680608,0.0,260.0000735680608,49.40001397793156,0.0,0.0,0.766586126930653,0.19
178,Solomon Islands,-0.0,2.1538743299764227,-2.1538743299764227,-0.0,0.5346812150776765,0.00033576517380302673,0.0,0.3
179,South Africa,2411.1784970302824,0.0,2411.1784970302824,675.1299791684792,0.0,0.0,0.2161371075960281,0.28
180,South Sudan ,-0.0,0.0,-0.0,-0.0,0.0,0.0,0.2449900397410442,0.25
181,Spain,16455.797815465547,0.0,16455.797815465547,4113.949453866387,0.0,0.0,0.1792536667124709,0.25
182,Sri Lanka,208.33237560718896,32.60454621258102,175.72782939460794,58.333065170012915,8.093804797882479,0.005082687960701923,0.1144044225982117,0.28
183,Sudan,92.67675595823017,1.2899756451545419,91.38678031307563,32.43686458538056,0.3202256212317597,0.00020109292852834527,0.0767019787396231,0.35
184,Suriname,0.06477705489673281,0.0,0.06477705489673281,0.023319739762823814,0.0,0.0,0.0,0.36
185,Sweden,1580.4703917482752,4141.63199031196,-2561.161598563685,338.2206638341309,1028.1253618955636,0.6456345970149954,0.1418315705174717,0.214
186,Switzerland,3028.709404965328,54649.01171811798,-51620.30231315266,640.5290617637104,13566.158239398004,8.519176194415385,0.0954370280347505,0.21148581
187,Syrian Arab Republic,-0.0,0.6899817594734678,-0.6899817594734678,-0.0,0.17128217761003042,0.00010756052113451908,0.0,0.28
188,Tajikistan,25.43374505411718,0.0,25.43374505411718,5.8497613624469516,0.0,0.0,0.0041875476258942,0.23
189,Tanzania,61.744980361647904,0.0,61.744980361647904,18.523494108494372,0.0,0.0,0.2725132310594321,0.3
190,Thailand,1051.3908775507946,0.0,1051.3908775507946,210.27817551015892,0.0,0.0,0.194970992031402,0.2
191,Timor-Leste,-0.0,48.26660317083785,-48.26660317083785,-0.0,11.98177891434275,0.007524229328047888,0.0523109820077306,0.1
192,Togo,30.5613564106537,0.0,30.5613564106537,8.557179794983037,0.0,0.0,inf,0.28
193,Trinidad and Tobago,229.80706854427714,0.0,229.80706854427714,68.94212056328314,0.0,0.0,0.6889032194307495,0.3
194,Tunisia,173.93305287259668,0.0,173.93305287259668,43.48326321814917,0.0,0.0,0.7559985154738013,0.25
195,Turkmenistan,0.2445073429546011,0.0,0.2445073429546011,0.01956058743636809,0.0,0.0,6.161663453594051,0.08
196,Turks and Caicos Islands,13.541585356949563,9.465624582985246,4.075960773964317,0.0,2.349761814355751,0.0014755861282283048,0.0,0.0
197,Türkiye,996.9413232178762,0.0,996.9413232178762,219.32709110793277,0.0,0.0,0.2153490806056189,0.22
198,Uganda,14.9816694632686,209.87326146877678,-194.8915920055082,4.49450083898058,52.0992747314412,0.032716919057410046,0.086758454599845,0.3
199,Ukraine,198.06721367697082,0.0,198.06721367697082,35.65209846185475,0.0,0.0,0.2852926697028664,0.18
200,United Arab Emirates,5606.352503287681,0.0,5606.352503287681,0.0,0.0,0.0,0.7277271985450715,0.0
201,United Kingdom,22169.04188204186,219516.67343197312,-197347.63154993125,4212.117957587953,54493.17076995003,34.22022027086211,0.0665480883717556,0.19
202,United States,223319.94391525525,0.0,223319.94391525525,60296.38485711892,0.0,0.0,0.3678293810892252,0.27
203,United States Virgin Islands,60.64992288531201,60.96606416339049,-0.3161412780784829,14.010132186507075,15.134313460963176,0.009503934767694346,0.0,0.231
204,Uruguay,176.75741345555025,962.5926411763097,-785.8352277207595,44.18935336388756,238.95553972019022,0.1500575409474406,0.1065822572147136,0.25
205,Uzbekistan,12.604085272294876,55.298566349407515,-42.69448107711264,1.512490232675385,13.72740472192655,0.008620434573622627,0.0259330298075278,0.12
206,Vanuatu,4.804245244653632,47.382450437016836,-42.5782051923632,0.0,11.762295422917859,0.007386399700660535,0.0,0.0
207,Venezuela,749.6749139308456,247.50172026898832,502.1731936618573,254.8894707364875,61.440223640478806,0.03858277939715018,0.0164334416882413,0.34
208,Viet Nam,2264.629660202829,170.64661397238604,2093.983046230443,452.92593204056584,42.3615888994997,0.026601918785096167,0.148635172855334,0.2
209,Yemen,-0.0,0.0,-0.0,-0.0,0.0,0.0,0.5380252128816514,0.2
210,Zambia,766.0102030235328,0.0,766.0102030235328,268.10357105823647,0.0,0.0,0.2107076217704622,0.35
211,Zimbabwe,121.32987922114242,358.5901648955861,-237.26028567444368,31.242443899444172,89.01699714457118,0.05590023863720056,0.1115052102304408,0.2575
