iso_partner,partner_jurisdiction,negative_misalignment,tax_revenue_loss,tax_revenue_loss_suffered_pct_of_total,tax_revenue_loss_pct_of_gvt_health_expenditure,tax_revenue_loss_pct_of_total_tax_revenues,positive_misalignment,tax_revenue_gain,tax_revenue_loss_caused_usd,tax_revenue_loss_caused_pct_of_total,etr_average_corrected,cit,region_tjn,ukt,oecd,oecd_oct
ABW,Aruba,5197.696476034581,1299.4241190086452,0.0055964215088396005,,,29269.008716019707,4349.6459495432455,4605.5397195888745,0.019835357193605237,0.1486092676299819,0.25,Caribbean/American isl.,0.0,0.0,1.0
AFG,Afghanistan,78.27297349055561,15.654594698111124,6.742195192399117e-05,0.12881383905095953,0.008433216886077908,0.0,0.0,0.0,0.0,0.1503432686517048,0.2,Asia,0.0,0.0,0.0
AGO,Angola,773.0279077232566,231.90837231697697,0.0009987939918376081,0.1469932727889897,0.034119144998163986,0.0,0.0,0.0,0.0,0.414815547790461,0.3,Africa,0.0,0.0,0.0
AIA,Anguilla,12002.068089804006,0.0,0.0,,,0.0,0.0,0.0,0.0,0.0,0.0,Caribbean/American isl.,1.0,0.0,1.0
ALB,Albania,150.4106972455337,22.561604586830054,9.716939014491991e-05,0.06245776653954321,0.009174744421379284,0.0,0.0,0.0,0.0,0.1661789623585953,0.15,Europe,0.0,0.0,0.0
AND,Andorra,140.5304984890458,0.0,0.0,0.0,,0.24007861344569223,0.013722615881396581,0.03777687180238478,1.626992256022114e-07,0.0571588434490053,0.0,Europe,0.0,0.0,0.0
ARE,United Arab Emirates,3879.0058609859693,0.0,0.0,0.0,0.0,0.0,0.0,0.0,0.0,0.5804024517938071,0.0,Asia,0.0,0.0,0.0
ARG,Argentina,5204.490834925989,1821.5717922240958,0.007845231906019904,0.04290941734348238,0.02587073147019892,0.0,0.0,0.0,0.0,0.2437689571834182,0.35,Latin America,0.0,0.0,0.0
ARM,Armenia,122.30833769659043,24.461667539318086,0.00010535267150771764,0.15461024305356896,0.01021158804186052,0.0,0.0,0.0,0.0,0.2530673552993781,0.2,Asia,0.0,0.0,0.0
ASM,American Samoa,816.1368106915052,277.4865156351118,0.0011950921041068993,,,21429.101272533604,1967.2024511255213,3371.913891013635,0.01452231888693932,0.0918005111883507,0.34,Oceania,0.0,0.0,1.0
ATG,Antigua and Barbuda,103.80529069764894,25.951322674412236,0.00011176838899120911,0.6456202308097694,,3471.7569450873893,31.71204178260168,546.2882143530582,0.002352780026249992,0.0091342920268295,0.25,Caribbean/American isl.,0.0,0.0,0.0
AUS,Australia,54201.6699654686,16260.500989640579,0.07003149791644486,0.159626709892963,0.05547931942025365,0.0,0.0,0.0,0.0,0.2610748729476487,0.3,Oceania,0.0,1.0,0.0
AUT,Austria,4171.532007209139,1042.8830018022848,0.004491538041438097,0.03261169526414981,0.009831370385769787,9575.010262225944,1003.9585452223082,1506.6478850039296,0.0064889026658336065,0.1048519550086533,0.25,Europe,0.0,1.0,0.0
AZE,Azerbaijan,156.94443723678935,31.388887447357874,0.00013518715119968482,0.07646783689686854,0.005834689507685492,0.0,0.0,0.0,0.0,0.2711071297930509,0.2,Asia,0.0,0.0,0.0
BDI,Burundi,45.7817313197149,13.73451939591447,5.9152480423028866e-05,0.21501155684608483,0.03509654310386747,3.443990476966671,,0.5419191025377792,2.3339629279832556e-06,,0.3,Africa,0.0,0.0,0.0
BEL,Belgium,53635.084219672775,18230.565126266774,0.07851626370363048,0.43763207407644716,0.15464103021397924,0.0,0.0,0.0,0.0,0.1944803055207414,0.3399,Europe,0.0,1.0,0.0
BEN,Benin,385.8764113955879,115.76292341867637,0.0004985732564674072,2.0006015913990822,,0.0,0.0,0.0,0.0,0.2064669106077483,0.3,Africa,0.0,0.0,0.0
BFA,Burkina Faso,337.46488643267475,92.80284376898557,0.00039968769499712243,0.25084988506481043,0.04310750880089199,1889.2945537640614,127.11599134969042,297.2844483318943,0.0012803587809016642,0.0672822515136329,0.275,Africa,0.0,0.0,0.0
BGD,Bangladesh,1158.2739481177202,289.56848702943006,0.001247127312312772,0.19942344709405857,0.014088950616322742,0.0,0.0,0.0,0.0,0.388354319997277,0.25,Asia,0.0,0.0,0.0
BGR,Bulgaria,1169.1677512370213,116.91677512370214,0.0005035427197900858,0.0479832970437837,0.00960517205413138,298.5882399478253,27.780236334276633,46.9834838693796,0.0002023506996987371,0.093038615114684,0.1,Europe,0.0,0.0,0.0
BHR,Bahrain,74.75969495564541,0.0,0.0,0.0,0.0,205.95106061362577,1.5832085321181473,32.40683000748028,0.00013957127456240835,0.0076873045829481,0.0,Asia,0.0,0.0,0.0
BHS,Bahamas,1338.8516130477171,0.0,0.0,0.0,0.0,567.6832559581024,2.718007555488168,89.32614728525465,0.00038471409346346546,0.0047878945291435,0.0,Caribbean/American isl.,0.0,0.0,0.0
BIH,Bosnia and Herzegovina,191.12596320299613,19.112596320299613,8.231503754008873e-05,0.01686544358786096,0.005217727859376037,32.17798870957438,3.5752477815363157,5.0632738039165295,2.1806748086991636e-05,0.1111084913915866,0.1,Europe,0.0,0.0,0.0
BLR,Belarus,333.9501400707405,60.11102521273328,0.00025888901821800175,0.02759453846318283,0.008436986044850076,0.0,0.0,0.0,0.0,0.1916221864152028,0.18,Europe,0.0,0.0,0.0
BLZ,Belize,46.97989655657302,11.744974139143254,5.0583812422392686e-05,0.16113616183680884,0.024280415877803385,0.0,0.0,0.0,0.0,0.4362164329253492,0.25,Caribbean/American isl.,0.0,0.0,0.0
BMU,Bermuda,4366.223180400802,0.0,0.0,,,118261.75733811296,1729.245955421938,18608.734788853773,0.08014498276673909,0.0146221905909785,0.0,Caribbean/American isl.,1.0,0.0,1.0
BOL,Bolivia,505.7329407719524,126.4332351929881,0.0005445286619783814,0.07578888322703385,,0.0,0.0,0.0,0.0,0.1849321302342655,0.25,Latin America,0.0,0.0,0.0
BRA,Brazil,19804.034032255408,6733.371570966839,0.028999604467490416,0.08254334702735358,0.023983861899190172,0.0,0.0,0.0,0.0,0.23730264998119,0.34,Latin America,0.0,0.0,0.0
BRB,Barbados,151.5135662035012,37.8783915508753,0.00016313645567645214,0.25387436973526095,,3366.017899598522,45.301812096825415,529.6499544572301,0.002281121578335608,0.013458577300563,0.25,Caribbean/American isl.,0.0,0.0,0.0
BRN,Brunei Darussalam,127.59109203992578,23.60435202738627,0.00010166034434474528,0.09063173613773481,,43.69058833651562,3.5824534343673995,6.874805426734412,2.960873851457862e-05,0.081995998927148,0.185,Asia,0.0,0.0,0.0
BTN,Bhutan,41.814529019649974,12.544358705894991,5.402663983936945e-05,0.21533312569389587,0.04081932843403028,0.0,0.0,0.0,0.0,0.1912868880717252,0.3,Asia,0.0,0.0,0.0
BWA,Botswana,102.89855865029807,22.637682903065574,9.74970478504438e-05,0.02802188742820475,0.00587301206917735,0.0,0.0,0.0,0.0,0.1876296756005121,0.22,Africa,0.0,0.0,0.0
CAF,Central African Republic,87.64594156209701,26.2937824686291,0.00011324331109726499,1.7408834862680262,0.17917622874843123,0.0,0.0,0.0,0.0,0.2468156572927644,0.3,Africa,0.0,0.0,0.0
CAN,Canada,10632.636898234625,2833.5977333795263,0.012203873293180588,0.022628859492841342,0.013622695452553141,51761.040508970786,5760.293585854523,8144.707950455386,0.035078015014774526,0.1112862788153611,0.2664999999999999,Northern America,0.0,1.0,0.0
CHE,Switzerland,10693.372233607957,2261.496488456088,0.009739920480940892,0.08701937000608356,0.03233084553713279,71890.31556406835,5955.943242345788,11312.09146836868,0.04871945277715615,0.0828476436028143,0.21148581,Europe,0.0,1.0,0.0
CHL,Chile,4104.109691850088,1046.5479714217724,0.00450732250665442,0.08265354728866216,0.021648387978749812,0.0,0.0,0.0,0.0,0.1914846665742259,0.255,Latin America,0.0,1.0,0.0
CHN,China (People’s Republic of),30681.172324194282,7670.2930810485705,0.033034782523994534,0.021781902437502325,0.00661480626033645,0.0,0.0,0.0,0.0,0.1786184537797205,0.25,Asia,0.0,0.0,0.0
CIV,Côte d’Ivoire,774.31304157739,193.5782603943475,0.0008337120454106882,0.3952456540187147,0.03135609033982087,0.0,0.0,0.0,0.0,0.2826845643120496,0.25,Africa,0.0,0.0,0.0
CMR,Cameroon,813.3137814701529,268.39354788515044,0.001155930078752243,5.265296336060341,0.06260576270663103,0.0,0.0,0.0,0.0,0.3458905300332104,0.33,Africa,0.0,0.0,0.0
COD,Democratic Republic of the Congo,1979.601136361546,554.288318181233,0.0023872352533632953,3.52555933410872,0.2212076363813062,0.0,0.0,0.0,0.0,0.2078391355837205,0.28,Africa,0.0,0.0,0.0
COG,Congo,374.3903102919883,112.31709308759649,0.00048373259074590305,1.0459713363569774,0.0936401075424995,0.0,0.0,0.0,0.0,0.2036405495986609,0.3,Africa,0.0,0.0,0.0
COK,,96956.03118400437,,,,,0.0,,0.0,0.0,,,,,,
COL,Colombia,3818.6326513780377,1527.4530605512152,0.00657850738397355,0.08978531320003509,0.03297981662380515,0.0,0.0,0.0,0.0,0.3713500559396303,0.4,Latin America,0.0,1.0,0.0
COM,,6076.692623997301,,,,,0.0,,0.0,0.0,,,,,,
CPV,Cabo Verde,27.909028880518306,7.116802364532168,3.0650982419361546e-05,0.12255965453339689,0.020019548942970793,213.84189167496712,15.219210093592864,33.64846877380045,0.0001449188233699098,0.0711703865617013,0.255,Africa,0.0,0.0,0.0
CRI,Costa Rica,757.7016168472709,227.31048505418127,0.0009789915926083552,0.07252899355505082,0.02836131733032081,2.823644889110404,0.38430150081490955,0.4443064272174831,1.9135600220293093e-06,0.1361012152402722,0.3,Latin America,0.0,0.0,0.0
CUB,Cuba,105.80423516822022,37.031482308877074,0.0001594889467310511,0.003735576207236474,,15.105279348942839,,2.376847288953979,1.023671878684025e-05,,0.35,Latin America,0.0,0.0,0.0
CYM,Cayman Islands,3265.391954319675,0.0,0.0,,,184300.16087028367,1265.7127560357994,29000.015663329894,0.12489864474638472,0.0068676703810728,0.0,Caribbean/American isl.,1.0,0.0,1.0
CYP,Cyprus,408.6345443129767,51.079318039122086,0.00021999083282299732,0.08124374981911058,0.009345174786618051,1337.460002580832,51.97834949341455,210.45212788078058,0.0009063852192859186,0.0388634795755495,0.125,Europe,0.0,0.0,0.0
CZE,Czechia,2437.2716420015745,463.08161198029916,0.0019944218794490593,0.03414609098810215,0.014115575454288445,0.0,0.0,0.0,0.0,0.1624980119698549,0.19,Europe,0.0,1.0,0.0
DEU,Germany,27935.887661457033,8349.830934517442,0.035961448424366806,0.025716722191493773,0.019811559246432447,22937.550416529873,3420.019464695464,3609.271517814718,0.015544581986788606,0.1491013383116463,0.29889263,Europe,0.0,1.0,0.0
DJI,Djibouti,92.07820735318914,23.019551838297286,9.914169911666692e-05,0.7269417463398026,,14.019099630805526,,2.2059346392284938,9.500624069908103e-06,,0.25,Africa,0.0,0.0,0.0
DMA,Dominica,141.1247111769541,35.28117779423852,0.00015195065212080837,1.7947788567764427,,0.0,0.0,0.0,0.0,0.2596974230500252,0.25,Caribbean/American isl.,0.0,0.0,0.0
DNK,Denmark,1883.7046903595221,414.4150318790949,0.0017848223409644016,0.014717611477027145,0.00373589084574085,35452.49008266102,4091.3326487294134,5578.523441576608,0.024025849697036084,0.1154032520477423,0.22,Europe,0.0,1.0,0.0
DOM,Dominican Republic,416.2768766389875,112.39475669252664,0.0004840670760480665,0.05238114969029144,0.010781947741763274,0.0,0.0,0.0,0.0,0.1765949454274133,0.27,Latin America,0.0,0.0,0.0
DZA,Algeria,862.8224531153247,224.33383780998443,0.0009661716268881865,0.03073050486464811,,0.0,0.0,0.0,0.0,0.4060297264109636,0.26,Africa,0.0,0.0,0.0
ECU,Ecuador,980.1714376298208,215.6377162785606,0.0009287187576748055,0.044516181006013705,0.01507864103114576,0.0,0.0,0.0,0.0,0.3180166922710341,0.22,Latin America,0.0,0.0,0.0
EGY,Egypt,1988.8138799495657,447.48312298865227,0.0019272415662462768,0.13144010063360423,,0.0,0.0,0.0,0.0,0.3236146045394746,0.225,Africa,0.0,0.0,0.0
ESP,Spain,10643.79828360438,2660.949570901095,0.011460303987499955,0.03212738509343586,0.014773965677137143,3889.370846996735,494.63699146448846,612.0006350010212,0.0026357934003535467,0.1271766079715524,0.25,Europe,0.0,1.0,0.0
EST,Estonia,245.66088764889466,49.132177529778936,0.0002116047956024981,0.037637094106248686,0.008713768496043967,799.3635027210477,92.18151303232946,125.78151853009258,0.0005417218177028724,0.1153186412921555,0.2,Europe,0.0,1.0,0.0
ETH,Ethiopia,319.81756914580467,95.9452707437414,0.0004132216487341812,0.1450623378275688,0.01543074160068176,0.0,0.0,0.0,0.0,0.3529426555219808,0.3,Africa,0.0,0.0,0.0
FIN,Finland,1331.1534231147232,266.23068462294464,0.00114661495653447,0.014626421415811447,0.0050226736107655936,15026.850831761272,1717.935988806922,2364.506397790471,0.010183568450675647,0.1143244188713069,0.2,Europe,0.0,1.0,0.0
FJI,Fiji,3217.4921064257624,643.4984212851525,0.0027714495622353417,5.694844534881518,0.4872412512022889,0.0,0.0,0.0,0.0,0.1673094160064506,0.2,Oceania,0.0,0.0,0.0
FLK,,8999.60653904935,,,,,1056.2472512931781,,166.20271348222272,0.0007158097398323175,,,,,,
FRA,France,24447.069316245645,10862.647718028249,0.046783767087915845,0.0486453653260338,0.017714200754488277,0.0,0.0,0.0,0.0,0.1756378867310676,0.4443333299999999,Europe,0.0,1.0,0.0
FRO,Faroe Islands,15.200196260004525,2.736035326800814,1.178368688703029e-05,,,2837.158842632212,107.6063707379491,446.43287606025854,0.0019227183128960623,0.0379275101277431,0.18,Europe,0.0,0.0,1.0
FSM,Micronesia,1815.604784953355,381.27700484020454,0.0016421019123006326,32.94325725178625,9.99094851330126,0.0,0.0,0.0,0.0,0.1954844301382476,0.21,Oceania,0.0,0.0,0.0
GAB,Gabon,344.7899173863179,103.43697521589536,0.0004454872773557423,0.39370288364700057,0.06250235469966954,0.0,0.0,0.0,0.0,0.3522592308579365,0.3,Africa,0.0,0.0,0.0
GBR,United Kingdom,38322.329429572965,7281.242591618863,0.03135920139908046,0.03500566512793316,0.010619909544317248,145486.13559446236,11409.035656864642,22892.547630526937,0.09859471136287536,0.0784200886926225,0.19,Europe,0.0,1.0,0.0
GEO,Georgia,213.26274272714696,31.98941140907204,0.0001377735163184689,0.07497658347937268,0.00843813949148697,92.7894724474733,8.191614181850023,14.600617501700293,6.28826328783203e-05,0.0882817195289818,0.15,Asia,0.0,0.0,0.0
GGY,Bailiwick of Guernsey,1472.1276804567472,0.0,0.0,,,43598.09544089963,1261.6370412304627,6860.251476217254,0.02954605686928567,0.0289378934669452,0.0,Europe,1.0,0.0,1.0
GHA,Ghana,468.74600949410467,117.18650237352617,0.0005047043939196894,0.12829852411951226,0.016757176847357905,0.0,0.0,0.0,0.0,0.1935027047087504,0.25,Africa,0.0,0.0,0.0
GIB,Gibraltar,1012.5215931850239,0.0,0.0,,,4813.772637187588,17.44362355487436,757.4571895051326,0.0032622525974088947,0.0036236907867476,0.0,Europe,1.0,0.0,1.0
GIN,Guinea,217.52787963555684,76.1347578724449,0.0003279007910463534,1.2276554236868338,,0.0,0.0,0.0,0.0,0.1907943046934732,0.35,Africa,0.0,0.0,0.0
GLP,Guadeloupe,8614.973156267413,1292.245973440112,0.005565506330595896,,,1907.2297843679992,,300.1065943679235,0.0012925133334808251,,0.15,Caribbean/American isl.,0.0,0.0,0.0
GMB,Gambia,82.25981629693652,24.677944889080955,0.00010628414506926056,1.545585584368407,,0.0,0.0,0.0,0.0,0.3433882498884711,0.3,Africa,0.0,0.0,0.0
GNB,Guinea-Bissau,68.59549253043204,17.14887313260801,7.385758125292308e-05,2.3407576588621635,0.12303989965901975,0.0,0.0,0.0,0.0,7.951153483992467,0.25,Africa,0.0,0.0,0.0
GNQ,Equatorial Guinea,146.77357964400514,51.3707528754018,0.00022124599821689907,0.7126386170768055,0.07038632291370128,444.26186771756534,17.344570895386607,69.905533785711,0.00030107247290725686,0.0390413225976289,0.35,Africa,0.0,0.0,0.0
GRC,Greece,3602.6673933416437,1044.7735440690767,0.004499680318659575,0.12319862912194814,0.019496570030861048,0.0,0.0,0.0,0.0,0.1993566849756076,0.29,Europe,0.0,1.0,0.0
GRD,,8419.802091601303,,,,,461.37407452508194,,72.59817530652552,0.0003126692692897786,,,,,,
GRL,Greenland,14.135817048241453,4.495189821340782,1.9360097011021403e-05,,,0.0,0.0,0.0,0.0,0.2525115396414094,0.318,Northern America,0.0,0.0,1.0
GTM,Guatemala,444.900057880133,111.22501447003324,0.00047902917469007557,0.07057945645598826,0.014594949267254758,0.0,0.0,0.0,0.0,0.246797112961929,0.25,Latin America,0.0,0.0,0.0
GUF,French Guiana,16.443475487655697,4.604173136543595,1.9829471528843182e-05,,,1314.1199777634693,,206.7795261744672,0.0008905678838355857,,0.28,Caribbean/American isl.,0.0,0.0,0.0
GUM,Guam,3268.129081166924,1143.8451784084234,0.0049263667386065975,,,1949.4800356845176,98.33192431103971,306.7547597529827,0.001321145967900181,0.0504400776161386,0.35,Oceania,0.0,0.0,1.0
GUY,Guyana,151.17451530383,41.57299170855325,0.00017904853510188683,0.3136182073003761,,0.0,0.0,0.0,0.0,0.4469380852298907,0.275,Caribbean/American isl.,0.0,0.0,0.0
HKG,Hong Kong (China),24183.98354813922,3990.3572854429713,0.017185860269582444,,,87857.00813518709,5353.213637609786,13824.483928947782,0.0595399439465507,0.0609309803649665,0.165,Asia,0.0,0.0,0.0
HND,Honduras,451.2881927847633,135.38645783542898,0.0005830888264671032,0.20503444944951438,,0.0,0.0,0.0,0.0,0.178376455143688,0.3,Latin America,0.0,0.0,0.0
HRV,Croatia,562.5189312818937,101.25340763074087,0.00043608298477659075,0.0325920267330351,0.008168822389792276,0.0,0.0,0.0,0.0,0.175200329369769,0.18,Europe,0.0,0.0,0.0
HTI,Haiti,1470.7532820729825,441.2259846218947,0.0019002930255602511,6.22582269374303,,0.507598480663947,0.0030788336363548473,0.07987168226238056,3.4399515448536556e-07,0.0060654902519166,0.3,Caribbean/American isl.,0.0,0.0,0.0
HUN,Hungary,10756.636556670133,968.097290100312,0.004169447386508508,0.14651748101340306,0.02956389902649598,0.0,0.0,0.0,0.0,0.1831036079775293,0.09,Europe,0.0,1.0,0.0
IDN,Indonesia,14132.609016240072,3533.152254060018,0.015216747926544412,0.257719805355778,0.035220353040777974,0.0,0.0,0.0,0.0,0.292251936509843,0.25,Asia,0.0,0.0,0.0
IMN,Isle of Man,1104.5019545684033,0.0,0.0,,,96105.06998189047,3446.7462059316317,15122.333706273066,0.06512958500585873,0.0358643535307879,0.0,Europe,1.0,0.0,1.0
IND,India,16322.960180474105,7821.962518483191,0.033687999660321266,0.30811672965541453,0.025906101406002354,0.0,0.0,0.0,0.0,0.326326311091843,0.4792,Asia,0.0,0.0,0.0
IRL,Ireland,8089.302142025348,1011.1627677531685,0.004354923830957431,0.057801155622436984,0.01647205309655507,29296.273671554383,3586.7572951685356,4609.8299173501355,0.01985383442107629,0.1224304952698181,0.125,Europe,0.0,1.0,0.0
IRN,Iran,453.0446775006222,113.26116937515555,0.00048779858333784586,0.006232757479536633,,282.47860859675717,20.134398591535213,44.44859969290695,0.00019143334013914108,0.0712776046708634,0.25,Asia,0.0,0.0,0.0
IRQ,Iraq,593.3186543663156,88.99779815494735,0.0003832999438348881,0.027588528194951757,0.017691306250641282,0.0,0.0,0.0,0.0,0.371090969905789,0.15,Asia,0.0,0.0,0.0
ISL,Iceland,171.47668155654748,34.2953363113095,0.00014770478320190645,0.020507174817286384,0.005797243667274373,103.61694387556398,15.266204373282509,16.304342769904956,7.022031777784976e-05,0.1473330886077479,0.2,Europe,0.0,1.0,0.0
ISR,Israel,1830.1734705846488,439.2416329403157,0.0018917467254959094,0.02674574713901226,0.005057773201714931,0.0,0.0,0.0,0.0,0.2193628125563553,0.24,Asia,0.0,1.0,0.0
ITA,Italy,11336.773970610922,3152.348717363955,0.013576685169333224,0.025112970433470643,0.006509842295205674,0.0,0.0,0.0,0.0,0.1682228177432343,0.278064,Europe,0.0,1.0,0.0
JAM,Jamaica,152.93404981912158,38.233512454780396,0.00016466590725102293,0.06350855550303826,0.009846221193960468,0.0,0.0,0.0,0.0,0.3230617310498414,0.25,Caribbean/American isl.,0.0,0.0,0.0
JEY,Jersey,1575.626394550508,0.0,0.0,,,15852.536830202107,153.8634676039346,2494.429816059376,0.010743128798883426,0.0097059208410603,0.0,Europe,1.0,0.0,1.0
JOR,Jordan,241.90559409240913,48.38111881848183,0.0002083701002749162,0.03650459779177392,0.007908869837909513,190.4406118488955,23.735405050360182,29.966228463789605,0.00012905997592340968,0.1246341566534819,0.2,Asia,0.0,0.0,0.0
JPN,Japan,4108.703473657035,1231.378431055013,0.0053033591082909445,0.0027827728044471116,,0.0,0.0,0.0,0.0,0.2107284360924564,0.2996999999999999,Asia,0.0,1.0,0.0
KAZ,Kazakhstan,1479.5621460606649,295.91242921213296,0.001274449703795854,0.09372965414119884,0.017218206393953887,0.0,0.0,0.0,0.0,0.2606775748238508,0.2,Asia,0.0,0.0,0.0
KEN,Kenya,741.0708874108608,222.32126622325822,0.0009575037879961187,0.15833632386578847,0.01800388479897927,0.0,0.0,0.0,0.0,0.3425700398254475,0.3,Africa,0.0,0.0,0.0
KGZ,Kyrgyzstan,374.61374020316157,37.46137402031616,0.00016134042477057293,0.20715210206062049,0.02852972149277412,0.0,0.0,0.0,0.0,0.0149667791538681,0.1,Asia,0.0,0.0,0.0
KHM,Cambodia,439.4754167239825,87.8950833447965,0.00037855071931968337,0.2644959400701363,0.025102152529398698,0.0,0.0,0.0,0.0,0.1694264499632464,0.2,Asia,0.0,0.0,0.0
KIR,Kiribati,1396.9081386582238,488.9178485303783,0.002105694610054246,26.360310262474705,11.883763571214285,230.6454515353496,,36.29254405213823,0.00015630645235279323,,0.35,Oceania,0.0,0.0,0.0
KNA,Saint Kitts and Nevis,710.3138257834374,234.40356250853438,0.0010095403954577988,10.105412273498365,1.2735991360224461,0.0,0.0,0.0,0.0,0.1570408127140979,0.33,Caribbean/American isl.,0.0,0.0,0.0
KOR,Korea,3065.42772462417,741.8335093590491,0.00319496378974579,0.01139214924696674,0.0031534449768629152,0.0,0.0,0.0,0.0,0.2144731699356607,0.242,Asia,0.0,1.0,0.0
KWT,Kuwait,678.689625310119,101.80344379651785,0.0004384519066580335,0.021149924351605027,,732.7819204442923,23.37171684819133,115.30476734443194,0.0004966000481278058,0.0318945053038711,0.15,Asia,0.0,0.0,0.0
LAO,Lao People’s Democratic Republic,204.60322625313313,49.10477430075195,0.00021148677407427274,0.3237254315149762,0.023501928157047977,0.7623384346288951,0.08384698972901407,0.11995554665064315,5.166302453216239e-07,0.1099865701639858,0.24,Asia,0.0,0.0,0.0
LBN,Lebanon,144.5806021105038,21.68709031657557,9.34029905527889e-05,0.011122890839780129,0.0026626297683550086,0.0,0.0,0.0,0.0,0.3054634028992532,0.15,Asia,0.0,0.0,0.0
LBR,Liberia,467.3390404336494,116.83476010841235,0.0005031894936271254,2.5356169377729336,,138.48659345784986,0.07283243522809252,21.791155040095237,9.385118144635277e-05,0.0005259168660991,0.25,Africa,0.0,0.0,0.0
LBY,Libya,386.48108798783295,77.2962175975666,0.0003329030209513063,,,0.0,0.0,0.0,0.0,0.5131434299598993,0.2,Africa,0.0,0.0,0.0
LCA,Saint Lucia,77.15329990331922,23.145989970995767,9.968624887145455e-05,0.5684268959439451,0.06354779536434484,0.0,0.0,0.0,0.0,0.1585614532751088,0.3,Caribbean/American isl.,0.0,0.0,0.0
LKA,Sri Lanka,332.08386500499023,92.98348220139728,0.0004004656771768308,0.07213368377636205,0.008487117276214547,347.77877616498967,44.10630419975307,54.7237175948911,0.00023568670591197103,0.1268228748347444,0.28,Asia,0.0,0.0,0.0
LSO,Lesotho,54.994968253356994,13.748742063339249,5.9213735282566045e-05,0.09626940494002743,0.018057344044251813,0.0,0.0,0.0,0.0,0.2836302878435628,0.25,Africa,0.0,0.0,0.0
LTU,Lithuania,299.8820302340924,44.982304535113855,0.00019373192550061434,0.02237841529435141,0.005656629758028806,1631.5257794969739,219.74144333898528,256.7239927361759,0.0011056710844185565,0.1346846284014802,0.15,Europe,0.0,1.0,0.0
LUX,Luxembourg,7321.816160825506,1982.7478163515468,0.0085393924614083,0.6930259005503459,0.12306483036846189,30553.74617589218,810.9878782706766,4807.695845137736,0.02070601279604892,0.0265429932422025,0.2708,Europe,0.0,1.0,0.0
LVA,Latvia,205.78020291256092,30.867030436884136,0.00013293959264260485,0.02969277298968115,0.004312574193804854,212.6629181743542,13.376155722282622,33.46295482838133,0.00014411984309923009,0.0628983926164129,0.15,Europe,0.0,1.0,0.0
MAC,Macau (China),1339.3727469490996,160.72472963389194,0.000692216898830364,,0.010985974061593495,0.0,0.0,0.0,0.0,0.2796134921514317,0.12,Asia,0.0,0.0,0.0
MAR,Morocco,1262.3418428271866,391.3259712764278,0.0016853812782001915,0.16663247358262373,0.01639964017436502,0.0,0.0,0.0,0.0,0.208834279692108,0.31,Africa,0.0,0.0,0.0
MCO,Monaco,157.7478855683062,0.0,0.0,0.0,,59967.33907059512,7233.61246852909,9435.986187551267,0.040639353452522724,0.1206258703594217,0.0,Europe,0.0,0.0,0.0
MDA,Moldova,448.59152607287325,53.83098312874479,0.00023184183471484777,0.1568263420467823,0.031915813055713636,0.0,0.0,0.0,0.0,0.1528277886501373,0.12,Europe,0.0,0.0,0.0
MDG,Madagascar,385.1343698737781,77.02687397475563,0.00033174299904474195,0.26026117495946727,0.058298011649207414,0.0,0.0,0.0,0.0,0.2047374088124637,0.2,Africa,0.0,0.0,0.0
MDV,Maldives,70.98517614923135,10.647776422384702,4.585834918703126e-05,0.03391590126344108,0.010684159848475424,0.0,0.0,0.0,0.0,0.1704062037986371,0.15,Asia,0.0,0.0,0.0
MEX,Mexico,15736.433175833583,4720.929952750074,0.020332325329971698,0.147700082840894,0.031249541637762956,0.0,0.0,0.0,0.0,0.2642776466530422,0.3,Latin America,0.0,1.0,0.0
MHL,Marshall Islands,8521.065186742828,0.0,0.0,0.0,0.0,26255.417894645776,23.56641581563844,4131.344902774677,0.017793072435782015,0.0008975829640268,0.0,Oceania,0.0,0.0,0.0
MKD,North Macedonia,1180.788552653524,118.0788552653524,0.0005085476217344091,0.27782586439961654,0.0608522582879462,0.0,0.0,0.0,0.0,0.2493477738241862,0.1,Europe,0.0,0.0,0.0
MLI,Mali,153.63990650337828,46.091971951013484,0.0001985110938284556,0.2547501008452393,0.018886186324671986,0.0,0.0,0.0,0.0,0.1753051989400498,0.3,Africa,0.0,0.0,0.0
MLT,Malta,727.9334012516367,36.39667006258176,0.00015675490719979144,0.049267578232462424,0.01077177118027315,5508.432715543287,326.3742621712864,866.7634052885472,0.003733017798786609,0.0592499317002362,0.0499999999999999,Europe,0.0,0.0,0.0
MMR,Myanmar,533.4291736831507,133.35729342078767,0.0005743495247957334,0.29183398845012043,0.03321862678809703,200.70669187096692,18.40355416798136,31.581617620452423,0.0001360172106624348,0.0916937746142161,0.25,Asia,0.0,0.0,0.0
MNE,Montenegro,94.60028414633203,8.514025573169882,3.666860969215342e-05,0.03835547771674906,,20.344335345077898,2.4862297420915116,3.201223704207974,1.3787182283875625e-05,0.1222074695447364,0.09,Europe,0.0,0.0,0.0
MNG,Mongolia,192.30507950046865,48.07626987511716,0.0002070571623675495,0.18530137663648935,0.03091125310537068,0.0,0.0,0.0,0.0,0.1738482650566833,0.25,Asia,0.0,0.0,0.0
MNP,Northern Mariana Islands,6120.722913429684,2142.2530197003894,0.00922635704651568,,,483.1679233929746,13.912620182755342,76.02748299431408,0.0003274387745064516,0.0287945857106077,0.35,Oceania,0.0,0.0,1.0
MOZ,Mozambique,434.1651599862377,138.93285119559607,0.0005983626018182847,0.6030664539954759,0.047367423821118304,0.0,0.0,0.0,0.0,0.3506418774269538,0.32,Africa,0.0,0.0,0.0
MRT,Mauritania,65.99998981262262,16.499997453155654,7.1062972659833e-05,0.19707345192139022,,0.0,0.0,0.0,0.0,0.336428305869133,0.25,Africa,0.0,0.0,0.0
MTQ,,238778.41990579388,,,,,0.0,,0.0,0.0,,,,,,
MUS,Mauritius,195.59458907129866,29.3391883606948,0.00012635940982760565,0.08646665191945707,0.01193040704308541,7631.468153520463,295.4306139544039,1200.827470476619,0.00517178078032588,0.0387121597065329,0.15,Africa,0.0,0.0,0.0
MWI,Malawi,255.48896226004288,76.64668867801286,0.0003301055989527235,0.4984919974911367,0.07033688194569504,0.0,0.0,0.0,0.0,0.2628229739187244,0.3,Africa,0.0,0.0,0.0
MYS,Malaysia,7167.085845891443,1720.1006030139463,0.007408210969194092,0.280426507300918,0.04163707346935531,0.0,0.0,0.0,0.0,0.1529954721052632,0.24,Asia,0.0,0.0,0.0
NAM,Namibia,233.97295871482325,74.87134678874344,0.0003224594721883293,0.1431718965027405,0.018545477355746704,0.0,0.0,0.0,0.0,0.1999533482269377,0.32,Africa,0.0,0.0,0.0
NCL,New Caledonia,4480.498686205341,0.0,0.0,,,0.0,0.0,0.0,0.0,0.3394220887968784,0.0,Oceania,0.0,0.0,1.0
NER,Niger,782.6809631503669,234.80428894511005,0.0010112662631064028,1.113580492774012,,24.37296583506834,1.9247274012491336,3.8351371352099153,1.6517350754742655e-05,0.0789697656934223,0.3,Africa,0.0,0.0,0.0
NGA,Nigeria,3850.3117499912332,1155.09352499737,0.004974811651909645,0.5771262052194978,,0.0,0.0,0.0,0.0,0.5586169684800198,0.3,Africa,0.0,0.0,0.0
NIC,Nicaragua,255.1987228996553,76.55961686989659,0.0003297305939542575,0.1143351857231124,0.033507532024639,0.0,0.0,0.0,0.0,0.3314424024225795,0.3,Latin America,0.0,0.0,0.0
NLD,Netherlands,12492.806738096677,3123.201684524169,0.013451153344029044,0.057604634076907135,0.01622414444945091,57714.087856025755,3907.9734819248292,9081.432397650236,0.03911234435147839,0.0677126439505326,0.25,Europe,0.0,1.0,0.0
NOR,Norway,3897.011250899805,935.2827002159531,0.004028119952342762,0.026735506616066232,0.010444346435817368,0.0,0.0,0.0,0.0,0.2257235285197464,0.24,Europe,0.0,1.0,0.0
NPL,Nepal,188.7634415444917,47.19086038612293,0.00020324383872990734,0.15043613857042534,0.009049580892231094,0.0,0.0,0.0,0.0,0.2468276215813738,0.25,Asia,0.0,0.0,0.0
NRU,,86321.05345632987,,,,,0.0,,0.0,0.0,,,,,,
NZL,New Zealand,12085.421309598481,3383.9179666875752,0.014574018610157195,0.24204885229004597,0.05993808476904539,0.0,0.0,0.0,0.0,0.215176123351815,0.28,Oceania,0.0,1.0,0.0
OMN,Oman,361.0084933713541,54.151274005703115,0.00023322127867519396,0.018987874696196932,,0.0,0.0,0.0,0.0,0.1773337549147553,0.15,Asia,0.0,0.0,0.0
PAK,Pakistan,1095.0051129569217,339.4515850166457,0.0014619662078045599,0.1103087839841341,,0.0,0.0,0.0,0.0,0.3172922936389413,0.31,Asia,0.0,0.0,0.0
PAN,Panama,1425.0967222293782,356.27418055734455,0.0015344185612288616,0.12520818277167334,0.05729953293891959,833.925561019289,65.61463994767985,131.21993066860054,0.0005651442293855955,0.0786816509947009,0.25,Latin America,0.0,0.0,0.0
PER,Peru,4799.167248857511,1415.7543384129658,0.006097438022600369,0.21629821425705414,0.05092840687987733,0.0,0.0,0.0,0.0,0.2588692699378076,0.295,Latin America,0.0,0.0,0.0
PHL,Philippines,5012.0014183834555,1503.6004255150367,0.00647577772257492,0.3087193316308755,0.033673003649638676,0.0,0.0,0.0,0.0,0.2294028875134791,0.3,Asia,0.0,0.0,0.0
PNG,Papua New Guinea,6059.421039666257,1817.8263118998768,0.007829100693476778,4.7535318897730425,0.6341141851550295,16.70886267964287,1.7284177983962068,2.6291744789475167,1.1323453512391005e-05,0.1034431745316821,0.3,Oceania,0.0,0.0,0.0
POL,Poland,8227.443929246885,1563.2143465569081,0.0067325257889410605,0.06576145208997804,0.017678712691379037,0.0,0.0,0.0,0.0,0.1786454480393549,0.19,Europe,0.0,1.0,0.0
PRI,Puerto Rico,13051.458609508654,5090.068857708376,0.021922150297230436,,,26944.30683480377,832.2803275207958,4239.743017895898,0.01825992658609969,0.0308889121781283,0.39,Caribbean/American isl.,0.0,0.0,1.0
PRK,Democratic People’s Republic of Korea,108.44047550590807,35.243154539420125,0.0001517868917611314,,,0.0,0.0,0.0,0.0,0.2464962373373608,0.325,Asia,0.0,0.0,0.0
PRT,Portugal,3378.937106012976,996.7864462738279,0.004293007206840622,0.0791483219734736,0.020129349875069695,1440.8134230758483,108.25430992582159,226.71500469575932,0.0009764269495197642,0.0751341625445995,0.295,Europe,0.0,1.0,0.0
PRY,Paraguay,254.54433426653665,25.454433426653665,0.00010962836278037603,0.021565395127609015,0.00655579270097458,20357.80069431375,1498.1760719817592,3203.3425050647284,0.01379630763603296,0.073592235943258,0.1,Latin America,0.0,0.0,0.0
PSE,,2485.9255629474856,,,,,94.04846349327086,,14.798722375161681,6.373584035586897e-05,,,,,,
PYF,French Polynesia,6459.188221006163,1743.9808196716642,0.007511059420430293,,,0.0,0.0,0.0,0.0,0.1657772873370762,0.27,Oceania,0.0,0.0,1.0
QAT,Qatar,689.4747077038667,68.94747077038667,0.0002969462416119078,0.015778048842541116,,0.0,0.0,0.0,0.0,0.3609132383047523,0.1,Asia,0.0,0.0,0.0
REU,Réunion,43.02978519697298,6.454467779545947,2.779840837271914e-05,,,0.0,0.0,0.0,0.0,0.5864555454818872,0.15,Africa,0.0,0.0,0.0
ROU,Romania,3766.715489408588,602.6744783053741,0.0025956270657728504,0.07032749152045212,0.018399503250008206,0.0,0.0,0.0,0.0,0.153069243307204,0.16,Europe,0.0,0.0,0.0
RUS,Russia,10543.184378869897,2108.6368757739797,0.009081577441333704,0.04378406116939539,0.013019490396340644,0.0,0.0,0.0,0.0,0.2844577219767519,0.2,Europe,0.0,0.0,0.0
RWA,Rwanda,163.4222445481835,49.02667336445505,0.00021115040525260893,0.2377322429744677,0.03939046207396752,4.256029432439892,0.2983217687583158,0.6696951300613367,2.884274791743698e-06,0.0700939158184567,0.3,Africa,0.0,0.0,0.0
SAU,Saudi Arabia,2358.538591434693,471.70771828693864,0.0020315732037671304,0.015224866894742556,0.02023844067361216,0.0,0.0,0.0,0.0,0.4270588089134524,0.2,Asia,0.0,0.0,0.0
SDN,Sudan,437.888034249557,153.26081198734494,0.000660070943828997,0.29380158581921867,,0.0,0.0,0.0,0.0,0.2145731022859228,0.35,Africa,0.0,0.0,0.0
SEN,Senegal,306.54375607053487,99.62672072292384,0.00042907709234633456,0.4695079649533806,0.02983007307584694,0.0,0.0,0.0,0.0,0.1926582938971412,0.325,Africa,0.0,0.0,0.0
SGP,Singapore,10565.791214282775,1796.184506428072,0.007735892737844144,0.24836312621387818,0.037403392027882974,73614.90130920438,4972.679846626085,11583.45864127582,0.04988818980537842,0.0675499084857746,0.17,Asia,0.0,0.0,0.0
SLB,Solomon Islands,2770.8693744538336,831.26081233615,0.0035801135453470507,18.26988016995312,2.2837194857040184,0.0,0.0,0.0,0.0,0.1731876911694322,0.3,Oceania,0.0,0.0,0.0
SLE,Sierra Leone,104.20475882581661,31.26142764774498,0.0001346382012813085,0.9877097491409085,,0.0,0.0,0.0,0.0,0.2774429403050355,0.3,Africa,0.0,0.0,0.0
SLV,El Salvador,285.7207420555784,85.71622261667352,0.0003691666984559362,0.07487654601041069,0.019328339560879603,0.0,0.0,0.0,0.0,0.2445731875428511,0.3,Latin America,0.0,0.0,0.0
SMR,,2706.5863595252913,,,,,36158.40145745772,,5689.600072380179,0.024504239805904306,,,,,,
SOM,Somalia,331.0627890068318,99.31883670204954,0.0004277510828230055,,16089.778002077015,0.0,0.0,0.0,0.0,1.674891235217668,0.3,Africa,0.0,0.0,0.0
SRB,Serbia,735.9483076319208,110.39224614478812,0.00047544256851653633,0.052883701526299155,0.01038200538570566,595.8151391734305,39.318748192389045,93.75275792971135,0.0004037788304184757,0.0659915225499903,0.15,Europe,0.0,0.0,0.0
SSD,South Sudan,75.00779596174442,18.751948990436105,8.076178449173563e-05,0.7717025231423424,,72.78715074325729,3.0485167544218044,11.453210358993033,4.9327230317407e-05,0.0418826224586653,0.25,Africa,0.0,0.0,0.0
STP,Sao Tome and Principe,21.98031471607427,5.495078679018567,2.3666465830638322e-05,0.4926931115250513,,1.08949117695903,,0.17143371469496083,7.383388642894407e-07,,0.25,Africa,0.0,0.0,0.0
SUR,Suriname,49.86962852540852,17.95306626914707,7.73211184466316e-05,0.16127932117674396,,0.0,0.0,0.0,0.0,0.3189931419156523,0.36,Caribbean/American isl.,0.0,0.0,0.0
SVK,Slovak Republic,1227.0973086805127,257.69043482290766,0.0011098334030965873,0.05044095126243024,0.014511027072560134,0.0,0.0,0.0,0.0,0.2329198134481185,0.21,Europe,0.0,1.0,0.0
SVN,Slovenia,512.4355034595814,97.36274565732046,0.0004193264970116215,0.034098284985449825,0.010926953370205238,0.0,0.0,0.0,0.0,0.3515659036645565,0.19,Europe,0.0,1.0,0.0
SWE,Sweden,5085.9189519153,1118.902169421366,0.004818941002891575,0.02263797937561361,0.007352760843775028,40006.47522185965,3406.2274466330705,6295.102525087466,0.027112046526139313,0.0851419033479835,0.22,Europe,0.0,1.0,0.0
SWZ,Eswatini,86.26774109299214,23.72362880057284,0.00010217405121627509,0.15203255545665453,0.020180760639431524,2320.701476670622,315.988950050268,365.1672296733859,0.001572719567516286,0.136160963926993,0.275,Africa,0.0,0.0,0.0
SXM,,127458.60054051659,,,,,0.0,,0.0,0.0,,,,,,
SYC,Seychelles,166.06434998207575,49.819304994622726,0.0002145641488015906,0.9093979209492189,0.10190951239330003,520.6674936131,34.62324328357504,81.92811877572929,0.00035285191292667273,0.0664978008196975,0.3,Africa,0.0,0.0,0.0
SYR,Syrian Arab Republic,682.2593029012723,191.03260481235628,0.0008227482950502424,,,0.0,0.0,0.0,0.0,0.0473707707036618,0.28,Asia,0.0,0.0,0.0
TCD,Chad,792.2746092023293,277.29611322081524,0.001194272069946292,3.9506256263502015,,0.0,0.0,0.0,0.0,1.931222580296206,0.35,Africa,0.0,0.0,0.0
TGO,Togo,1005.0030978846929,291.45089838656094,0.0012552345709463644,4.347309254574426,0.34941457966806294,0.0,0.0,0.0,0.0,0.1663455728719115,0.29,Africa,0.0,0.0,0.0
THA,Thailand,3007.13349996239,601.426699992478,0.002590253074874572,0.04748348932648098,0.008916886184558218,0.0,0.0,0.0,0.0,0.1784856746365044,0.2,Asia,0.0,0.0,0.0
TJK,Tajikistan,523.6872415999497,120.44806556798845,0.0005187514491858746,0.8039619222494239,,0.0,0.0,0.0,0.0,0.5610014959147446,0.23,Asia,0.0,0.0,0.0
TKM,Turkmenistan,75.3110532523828,6.024884260190625,2.5948257669500475e-05,0.01026046612304924,,0.0,0.0,0.0,0.0,0.0008229741361259,0.08,Asia,0.0,0.0,0.0
TON,Tonga,1215.084396612276,303.771099153069,0.001308295796726528,22.647250751879664,3.1727095505928067,0.0,0.0,0.0,0.0,0.4839608384256521,0.25,Oceania,0.0,0.0,0.0
TTO,Trinidad and Tobago,402.22664775316025,120.66799432594807,0.0005196986488056542,0.14737960008334647,0.027514106264266203,0.0,0.0,0.0,0.0,0.4310684306253492,0.3,Caribbean/American isl.,0.0,0.0,0.0
TUN,Tunisia,630.9474148247672,157.7368537061918,0.0006793485728828033,0.11264978359704386,,0.0,0.0,0.0,0.0,0.9406800467079128,0.25,Africa,0.0,0.0,0.0
TUR,Türkiye,5231.214551442506,1046.2429102885012,0.004506008654877487,0.03749860814737346,0.006874270513430112,0.0,0.0,0.0,0.0,0.2090295449263414,0.2,Asia,0.0,1.0,0.0
TWN,Chinese Taipei,1566.9109680444747,266.37486456756073,0.00114723591756743,,,0.0,0.0,0.0,0.0,0.1765234162509753,0.17,Asia,0.0,0.0,0.0
TZA,Tanzania,496.9894584236786,149.0968375271036,0.0006421373408654534,0.17735553628914683,0.02364365296297236,0.0,0.0,0.0,0.0,0.3516891780689394,0.3,Africa,0.0,0.0,0.0
UGA,Uganda,677.7526856458329,203.32580569374986,0.0008756932364428988,1.0078228559285787,0.05698894711912792,188.61470992421388,23.878914715194966,29.678918978190513,0.00012782257778574306,0.1266015504558982,0.3,Africa,0.0,0.0,0.0
UKR,Ukraine,1292.3914242615845,232.6304563670852,0.0010019038977182985,0.05896421766743185,0.010349803082593366,0.0,0.0,0.0,0.0,0.3024200117481441,0.18,Europe,0.0,0.0,0.0
URY,Uruguay,582.5057218154928,145.6264304538732,0.0006271908268636408,0.03708610168171304,0.012392216157195206,303.7407845070828,31.533272676883094,47.79424752915548,0.0002058425351339735,0.10381639307364,0.25,Latin America,0.0,0.0,0.0
USA,United States,179500.17817186055,48465.04810640235,0.20873157091815647,0.02900182514551426,0.021481267731800535,0.0,0.0,0.0,0.0,0.3315215051902969,0.27,Northern America,0.0,1.0,0.0
UZB,Uzbekistan,135.59472923487604,10.169604692615703,4.379893647162016e-05,0.008244623015030416,0.0014070999191607362,4.195207641177174,0.0839144437714439,0.6601246940347939,2.8430563833392276e-06,0.0200024530246845,0.075,Asia,0.0,0.0,0.0
VCT,Saint Vincent and the Grenadines,37.58870818257691,12.216330159337495,5.261387091611111e-05,0.5377476209625802,0.060814741660343,8.794120537111217,0.6677624225249508,1.383773254006731,5.95970036941319e-06,0.0759328257677378,0.325,Caribbean/American isl.,0.0,0.0,0.0
VEN,Venezuela,5548.065638305746,1886.3423170239537,0.00812418867835171,,,13.011167043946564,0.6508521611693459,2.047334339215389,8.817556765463334e-06,0.0500225812927484,0.34,Latin America,0.0,0.0,0.0
VGB,British Virgin Islands,2598.6398220902806,0.0,0.0,,,10680.12009450537,42.60161355251405,1680.5392277703625,0.00723782615942053,0.003988870272576,0.0,Caribbean/American isl.,1.0,0.0,1.0
VIR,United States Virgin Islands,7258.651551424803,2794.580847298549,0.012035833515191772,,,13333.23416814806,58.07384652404104,2098.012274613724,0.009035818904466265,0.0043555708833776,0.385,Caribbean/American isl.,0.0,0.0,1.0
VNM,Viet Nam,3622.5523927477134,724.5104785495428,0.003120356137938792,0.1185036048492637,,0.0,0.0,0.0,0.0,0.152699459454141,0.2,Asia,0.0,0.0,0.0
WSM,Samoa,5258.298694067673,1419.7406473982717,0.006114606447458657,41.201465224074354,6.832836328689219,458.66027496267566,29.95991540200892,72.17115327113885,0.00031083015050736775,0.0653204932658425,0.27,Oceania,0.0,0.0,0.0
XKV,Kosovo,36.09564472968313,3.609564472968313,1.5545843699957325e-05,,,75.03223235419514,5.886207587750201,11.806478644680947,5.0848702947854295e-05,0.078449053201082,0.1,,,,
YEM,Yemen,117.23756365513819,23.44751273102764,0.00010098486141447433,,,45748.09430304545,5497.1959634309105,7198.558292575674,0.031003092733064886,0.1201622941278444,0.2,Asia,0.0,0.0,0.0
ZAF,South Africa,7030.915351065245,1968.656298298269,0.008478702442212925,0.11313495512686168,0.020836276912295074,0.0,0.0,0.0,0.0,0.2010845126019109,0.28,Africa,0.0,0.0,0.0
ZMB,Zambia,1491.1681360078137,521.9088476027348,0.002247781811688999,0.8035193542016892,0.13283945130021554,445.1283223234543,48.017717999848315,70.04187222960434,0.00030165966179249046,0.1078738772433268,0.35,Africa,0.0,0.0,0.0
ZWE,Zimbabwe,215.28058036002028,55.434749442705225,0.00023874901164292267,0.1621680879981681,0.019858470095939062,0.0,0.0,0.0,0.0,0.1832329630212074,0.2575,Africa,0.0,0.0,0.0
