sample_name,formula_name,etr_name,etr_col,etr_threshold,threshold_rate_col,rate_mode,loss_rate_col,gain_rate_col,n_country_rows,n_misalignment_rows,n_years,total_shifted_musd_all_years,total_tax_loss_musd_all_years,total_tax_gain_musd_all_years,total_revenue_gain_from_ut_musd_all_years,total_current_tax_paid_cash_musd_all_years,revenue_gain_from_ut_pct_of_current_tax_paid_all_years,total_revenue_gain_from_ut_low_income_musd_all_years,total_revenue_gain_from_ut_middle_income_musd_all_years,country_file,misalignment_file,aggregate_file
disaggregated,employees_payroll,average,etr_average_corrected,inf,etr_average_corrected,loss_cit_gain_etr,cit,etr_average_corrected,1582,1582,7,2962806.2065723287,838072.9465730076,251619.0607527351,586453.8858202725,2441406.672304441,24.02114700811886,-25507.584523018868,90235.4394189668,C:\Users\aliso\OneDrive\المستندات\github\sotj_profit_shifting_estimates\output\us_multinationals_sotj\tables\disaggregated\country_estimates__employees_payroll__etrdef_average__etrmax_inf__loss_cit_gain_etr.csv,C:\Users\aliso\OneDrive\المستندات\github\sotj_profit_shifting_estimates\output\us_multinationals_sotj\tables\disaggregated\misalignment__employees_payroll__etrdef_average__etrmax_inf__loss_cit_gain_etr.csv,C:\Users\aliso\OneDrive\المستندات\github\sotj_profit_shifting_estimates\output\us_multinationals_sotj\tables\disaggregated\aggregate_results__employees_payroll__etrdef_average__etrmax_inf__loss_cit_gain_etr.csv
disaggregated,employees_payroll,average,etr_average_corrected,inf,etr_average_corrected,loss_etr_gain_etr,etr_average_corrected,etr_average_corrected,1582,1582,7,2962806.2065723287,709637.9066401309,251619.0607527351,458018.8458873957,2441406.672304441,18.760448682442252,-25912.004774892466,64529.27885872047,C:\Users\aliso\OneDrive\المستندات\github\sotj_profit_shifting_estimates\output\us_multinationals_sotj\tables\disaggregated\country_estimates__employees_payroll__etrdef_average__etrmax_inf__loss_etr_gain_etr.csv,C:\Users\aliso\OneDrive\المستندات\github\sotj_profit_shifting_estimates\output\us_multinationals_sotj\tables\disaggregated\misalignment__employees_payroll__etrdef_average__etrmax_inf__loss_etr_gain_etr.csv,C:\Users\aliso\OneDrive\المستندات\github\sotj_profit_shifting_estimates\output\us_multinationals_sotj\tables\disaggregated\aggregate_results__employees_payroll__etrdef_average__etrmax_inf__loss_etr_gain_etr.csv
disaggregated,employees_payroll,average,etr_average_corrected,inf,etr_average_corrected,loss_cit_gain_cit,cit,cit,1582,1582,7,2962806.2065723287,838072.9465730076,486146.0394734589,351926.90709954867,2441406.672304441,14.414923621363139,-31019.639552535133,72880.12722584186,C:\Users\aliso\OneDrive\المستندات\github\sotj_profit_shifting_estimates\output\us_multinationals_sotj\tables\disaggregated\country_estimates__employees_payroll__etrdef_average__etrmax_inf__loss_cit_gain_cit.csv,C:\Users\aliso\OneDrive\المستندات\github\sotj_profit_shifting_estimates\output\us_multinationals_sotj\tables\disaggregated\misalignment__employees_payroll__etrdef_average__etrmax_inf__loss_cit_gain_cit.csv,C:\Users\aliso\OneDrive\المستندات\github\sotj_profit_shifting_estimates\output\us_multinationals_sotj\tables\disaggregated\aggregate_results__employees_payroll__etrdef_average__etrmax_inf__loss_cit_gain_cit.csv
disaggregated,ccctb,average,etr_average_corrected,inf,etr_average_corrected,loss_cit_gain_etr,cit,etr_average_corrected,1582,1582,7,2577114.828375971,722434.8402824043,203543.37601695594,518891.46426544845,2441406.672304441,21.25379069991921,-15747.943123852363,6727.53823018274,C:\Users\aliso\OneDrive\المستندات\github\sotj_profit_shifting_estimates\output\us_multinationals_sotj\tables\disaggregated\country_estimates__ccctb__etrdef_average__etrmax_inf__loss_cit_gain_etr.csv,C:\Users\aliso\OneDrive\المستندات\github\sotj_profit_shifting_estimates\output\us_multinationals_sotj\tables\disaggregated\misalignment__ccctb__etrdef_average__etrmax_inf__loss_cit_gain_etr.csv,C:\Users\aliso\OneDrive\المستندات\github\sotj_profit_shifting_estimates\output\us_multinationals_sotj\tables\disaggregated\aggregate_results__ccctb__etrdef_average__etrmax_inf__loss_cit_gain_etr.csv
disaggregated,ccctb,average,etr_average_corrected,inf,etr_average_corrected,loss_etr_gain_etr,etr_average_corrected,etr_average_corrected,1582,1582,7,2577114.828375971,615568.0559339777,203543.37601695594,412024.67991702183,2441406.672304441,16.876527970168613,-16057.839945258696,-4040.459568613551,C:\Users\aliso\OneDrive\المستندات\github\sotj_profit_shifting_estimates\output\us_multinationals_sotj\tables\disaggregated\country_estimates__ccctb__etrdef_average__etrmax_inf__loss_etr_gain_etr.csv,C:\Users\aliso\OneDrive\المستندات\github\sotj_profit_shifting_estimates\output\us_multinationals_sotj\tables\disaggregated\misalignment__ccctb__etrdef_average__etrmax_inf__loss_etr_gain_etr.csv,C:\Users\aliso\OneDrive\المستندات\github\sotj_profit_shifting_estimates\output\us_multinationals_sotj\tables\disaggregated\aggregate_results__ccctb__etrdef_average__etrmax_inf__loss_etr_gain_etr.csv
disaggregated,ccctb,average,etr_average_corrected,inf,etr_average_corrected,loss_cit_gain_cit,cit,cit,1582,1582,7,2577114.828375971,722434.8402824043,423670.49670254544,298764.343579859,2441406.672304441,12.237385396258283,-20163.494795527593,-9320.209311983166,C:\Users\aliso\OneDrive\المستندات\github\sotj_profit_shifting_estimates\output\us_multinationals_sotj\tables\disaggregated\country_estimates__ccctb__etrdef_average__etrmax_inf__loss_cit_gain_cit.csv,C:\Users\aliso\OneDrive\المستندات\github\sotj_profit_shifting_estimates\output\us_multinationals_sotj\tables\disaggregated\misalignment__ccctb__etrdef_average__etrmax_inf__loss_cit_gain_cit.csv,C:\Users\aliso\OneDrive\المستندات\github\sotj_profit_shifting_estimates\output\us_multinationals_sotj\tables\disaggregated\aggregate_results__ccctb__etrdef_average__etrmax_inf__loss_cit_gain_cit.csv
disaggregated,double_weighted_sales,average,etr_average_corrected,inf,etr_average_corrected,loss_cit_gain_etr,cit,etr_average_corrected,1582,1582,7,2505239.52712314,701598.9320622276,192246.43332759576,509352.49873463187,2441406.672304441,20.86307473936141,-14686.79694684867,53095.442273610046,C:\Users\aliso\OneDrive\المستندات\github\sotj_profit_shifting_estimates\output\us_multinationals_sotj\tables\disaggregated\country_estimates__double_weighted_sales__etrdef_average__etrmax_inf__loss_cit_gain_etr.csv,C:\Users\aliso\OneDrive\المستندات\github\sotj_profit_shifting_estimates\output\us_multinationals_sotj\tables\disaggregated\misalignment__double_weighted_sales__etrdef_average__etrmax_inf__loss_cit_gain_etr.csv,C:\Users\aliso\OneDrive\المستندات\github\sotj_profit_shifting_estimates\output\us_multinationals_sotj\tables\disaggregated\aggregate_results__double_weighted_sales__etrdef_average__etrmax_inf__loss_cit_gain_etr.csv
disaggregated,double_weighted_sales,average,etr_average_corrected,inf,etr_average_corrected,loss_etr_gain_etr,etr_average_corrected,etr_average_corrected,1582,1582,7,2505239.52712314,596297.9590644713,192246.43332759576,404051.5257368755,2441406.672304441,16.549947631440347,-15023.64268942308,34755.208588788686,C:\Users\aliso\OneDrive\المستندات\github\sotj_profit_shifting_estimates\output\us_multinationals_sotj\tables\disaggregated\country_estimates__double_weighted_sales__etrdef_average__etrmax_inf__loss_etr_gain_etr.csv,C:\Users\aliso\OneDrive\المستندات\github\sotj_profit_shifting_estimates\output\us_multinationals_sotj\tables\disaggregated\misalignment__double_weighted_sales__etrdef_average__etrmax_inf__loss_etr_gain_etr.csv,C:\Users\aliso\OneDrive\المستندات\github\sotj_profit_shifting_estimates\output\us_multinationals_sotj\tables\disaggregated\aggregate_results__double_weighted_sales__etrdef_average__etrmax_inf__loss_etr_gain_etr.csv
disaggregated,double_weighted_sales,average,etr_average_corrected,inf,etr_average_corrected,loss_cit_gain_cit,cit,cit,1582,1582,7,2505239.52712314,701598.9320622276,414787.4078648799,286811.52419734775,2441406.672304441,11.747797999037443,-18736.489578649092,40457.090524044266,C:\Users\aliso\OneDrive\المستندات\github\sotj_profit_shifting_estimates\output\us_multinationals_sotj\tables\disaggregated\country_estimates__double_weighted_sales__etrdef_average__etrmax_inf__loss_cit_gain_cit.csv,C:\Users\aliso\OneDrive\المستندات\github\sotj_profit_shifting_estimates\output\us_multinationals_sotj\tables\disaggregated\misalignment__double_weighted_sales__etrdef_average__etrmax_inf__loss_cit_gain_cit.csv,C:\Users\aliso\OneDrive\المستندات\github\sotj_profit_shifting_estimates\output\us_multinationals_sotj\tables\disaggregated\aggregate_results__double_weighted_sales__etrdef_average__etrmax_inf__loss_cit_gain_cit.csv
disaggregated,sales_employees,average,etr_average_corrected,inf,etr_average_corrected,loss_cit_gain_etr,cit,etr_average_corrected,1582,1582,7,2724300.6137768743,764907.4259717343,223581.98362926452,541325.4423424699,2441406.672304441,22.172686283007224,-18456.25262205793,143571.4966242881,C:\Users\aliso\OneDrive\المستندات\github\sotj_profit_shifting_estimates\output\us_multinationals_sotj\tables\disaggregated\country_estimates__sales_employees__etrdef_average__etrmax_inf__loss_cit_gain_etr.csv,C:\Users\aliso\OneDrive\المستندات\github\sotj_profit_shifting_estimates\output\us_multinationals_sotj\tables\disaggregated\misalignment__sales_employees__etrdef_average__etrmax_inf__loss_cit_gain_etr.csv,C:\Users\aliso\OneDrive\المستندات\github\sotj_profit_shifting_estimates\output\us_multinationals_sotj\tables\disaggregated\aggregate_results__sales_employees__etrdef_average__etrmax_inf__loss_cit_gain_etr.csv
disaggregated,sales_employees,average,etr_average_corrected,inf,etr_average_corrected,loss_etr_gain_etr,etr_average_corrected,etr_average_corrected,1582,1582,7,2724300.6137768743,642657.4381711808,223581.98362926452,419075.4545419162,2441406.672304441,17.1653276488489,-18916.527848404352,107835.7459598579,C:\Users\aliso\OneDrive\المستندات\github\sotj_profit_shifting_estimates\output\us_multinationals_sotj\tables\disaggregated\country_estimates__sales_employees__etrdef_average__etrmax_inf__loss_etr_gain_etr.csv,C:\Users\aliso\OneDrive\المستندات\github\sotj_profit_shifting_estimates\output\us_multinationals_sotj\tables\disaggregated\misalignment__sales_employees__etrdef_average__etrmax_inf__loss_etr_gain_etr.csv,C:\Users\aliso\OneDrive\المستندات\github\sotj_profit_shifting_estimates\output\us_multinationals_sotj\tables\disaggregated\aggregate_results__sales_employees__etrdef_average__etrmax_inf__loss_etr_gain_etr.csv
disaggregated,sales_employees,average,etr_average_corrected,inf,etr_average_corrected,loss_cit_gain_cit,cit,cit,1582,1582,7,2724300.6137768743,764907.4259717343,463467.43939705344,301439.9865746811,2441406.672304441,12.346979714369022,-22737.55674027437,131334.5586289842,C:\Users\aliso\OneDrive\المستندات\github\sotj_profit_shifting_estimates\output\us_multinationals_sotj\tables\disaggregated\country_estimates__sales_employees__etrdef_average__etrmax_inf__loss_cit_gain_cit.csv,C:\Users\aliso\OneDrive\المستندات\github\sotj_profit_shifting_estimates\output\us_multinationals_sotj\tables\disaggregated\misalignment__sales_employees__etrdef_average__etrmax_inf__loss_cit_gain_cit.csv,C:\Users\aliso\OneDrive\المستندات\github\sotj_profit_shifting_estimates\output\us_multinationals_sotj\tables\disaggregated\aggregate_results__sales_employees__etrdef_average__etrmax_inf__loss_cit_gain_cit.csv
disaggregated,three_factors,average,etr_average_corrected,inf,etr_average_corrected,loss_cit_gain_etr,cit,etr_average_corrected,1582,1582,7,2560073.9431903274,715256.1281199859,195469.8488060497,519786.27931393613,2441406.672304441,21.29044231796542,-13365.411876510405,83570.01398432616,C:\Users\aliso\OneDrive\المستندات\github\sotj_profit_shifting_estimates\output\us_multinationals_sotj\tables\disaggregated\country_estimates__three_factors__etrdef_average__etrmax_inf__loss_cit_gain_etr.csv,C:\Users\aliso\OneDrive\المستندات\github\sotj_profit_shifting_estimates\output\us_multinationals_sotj\tables\disaggregated\misalignment__three_factors__etrdef_average__etrmax_inf__loss_cit_gain_etr.csv,C:\Users\aliso\OneDrive\المستندات\github\sotj_profit_shifting_estimates\output\us_multinationals_sotj\tables\disaggregated\aggregate_results__three_factors__etrdef_average__etrmax_inf__loss_cit_gain_etr.csv
disaggregated,three_factors,average,etr_average_corrected,inf,etr_average_corrected,loss_etr_gain_etr,etr_average_corrected,etr_average_corrected,1582,1582,7,2560073.9431903274,606185.2967392083,195469.8488060497,410715.4479331585,2441406.672304441,16.8229018373856,-13778.314225301221,60626.72947713003,C:\Users\aliso\OneDrive\المستندات\github\sotj_profit_shifting_estimates\output\us_multinationals_sotj\tables\disaggregated\country_estimates__three_factors__etrdef_average__etrmax_inf__loss_etr_gain_etr.csv,C:\Users\aliso\OneDrive\المستندات\github\sotj_profit_shifting_estimates\output\us_multinationals_sotj\tables\disaggregated\misalignment__three_factors__etrdef_average__etrmax_inf__loss_etr_gain_etr.csv,C:\Users\aliso\OneDrive\المستندات\github\sotj_profit_shifting_estimates\output\us_multinationals_sotj\tables\disaggregated\aggregate_results__three_factors__etrdef_average__etrmax_inf__loss_etr_gain_etr.csv
disaggregated,three_factors,average,etr_average_corrected,inf,etr_average_corrected,loss_cit_gain_cit,cit,cit,1582,1582,7,2560073.9431903274,715256.1281199859,421766.5491100338,293489.57900995214,2441406.672304441,12.021331076847087,-17262.291147999385,71402.07626514367,C:\Users\aliso\OneDrive\المستندات\github\sotj_profit_shifting_estimates\output\us_multinationals_sotj\tables\disaggregated\country_estimates__three_factors__etrdef_average__etrmax_inf__loss_cit_gain_cit.csv,C:\Users\aliso\OneDrive\المستندات\github\sotj_profit_shifting_estimates\output\us_multinationals_sotj\tables\disaggregated\misalignment__three_factors__etrdef_average__etrmax_inf__loss_cit_gain_cit.csv,C:\Users\aliso\OneDrive\المستندات\github\sotj_profit_shifting_estimates\output\us_multinationals_sotj\tables\disaggregated\aggregate_results__three_factors__etrdef_average__etrmax_inf__loss_cit_gain_cit.csv
