Country,Current profit base,Destination (headline measure),Destination + nexus,Origin-based,Robustness: without digital services,Robustness: consumer-facing only,Destination (headline measure) (%),Destination + nexus (%),Origin-based (%),Robustness: without digital services (%),Robustness: consumer-facing only (%)
AFRICA,46.08,47.51,33.37,28.23,47.53,52.96,103.1,72.42,61.26,103.15,114.93
Algeria,0.9,3.32,2.35,0.44,3.38,3.74,368.89,261.11,48.89,375.56,415.56
Angola,1.83,0.0,-0.41,-1.03,-0.13,0.04,0.0,-22.4,-56.28,-7.1,2.19
Benin,0.02,0.1,0.06,0.04,0.1,0.11,500.0,300.0,200.0,500.0,550.0
Botswana,0.24,0.25,0.23,0.19,0.24,0.24,104.17,95.83,79.17,100.0,100.0
British Indian Ocean Territory,0.0,-0.0,-0.0,-0.0,-0.0,-0.0,,,,,
Burkina Faso,0.12,0.01,0.01,0.02,0.01,0.02,8.33,8.33,16.67,8.33,16.67
Burundi,0.0,0.0,0.0,0.0,0.0,0.0,,,,,
Cabo Verde,0.05,-0.0,-0.0,0.0,-0.0,-0.0,-0.0,-0.0,0.0,-0.0,-0.0
Cameroon,0.21,0.66,0.45,0.41,0.66,0.81,314.29,214.29,195.24,314.29,385.71
Central African Republic,0.0,0.0,0.0,0.0,0.0,0.0,,,,,
Chad,0.19,0.01,-0.01,0.01,0.01,0.01,5.26,-5.26,5.26,5.26,5.26
Comoros,0.0,0.0,0.0,0.0,0.0,0.0,,,,,
Congo (Rep.),0.07,0.6,0.55,0.5,0.59,0.61,857.14,785.71,714.29,842.86,871.43
Côte d'Ivoire,0.68,1.03,0.81,0.32,1.05,1.36,151.47,119.12,47.06,154.41,200.0
Djibouti,0.01,0.01,0.0,0.0,0.01,0.01,100.0,0.0,0.0,100.0,100.0
DR Congo,0.32,1.17,1.09,0.95,1.18,1.3,365.62,340.63,296.88,368.75,406.25
Egypt,3.02,7.73,6.24,2.4,7.78,6.59,255.96,206.62,79.47,257.62,218.21
Equatorial Guinea,0.48,-0.37,-0.43,-0.4,-0.37,-0.37,-77.08,-89.58,-83.33,-77.08,-77.08
Eswatini,0.49,-0.33,-0.33,-0.28,-0.34,-0.34,-67.35,-67.35,-57.14,-69.39,-69.39
Ethiopia,0.24,1.56,0.96,0.47,1.58,1.83,650.0,400.0,195.83,658.33,762.5
Gabon,0.39,0.09,-0.01,0.01,0.08,0.08,23.08,-2.56,2.56,20.51,20.51
Gambia,0.01,0.01,0.01,0.01,0.01,0.01,100.0,100.0,100.0,100.0,100.0
Ghana,1.27,0.77,0.32,-0.08,0.72,0.94,60.63,25.2,-6.3,56.69,74.02
Guinea,0.22,-0.08,-0.13,-0.09,-0.08,-0.06,-36.36,-59.09,-40.91,-36.36,-27.27
Guinea-Bissau,0.0,0.0,0.0,0.0,0.0,0.0,,,,,
Kenya,0.52,2.1,1.58,0.74,2.1,2.33,403.85,303.85,142.31,403.85,448.08
Lesotho,0.07,0.05,0.05,0.08,0.05,0.05,71.43,71.43,114.29,71.43,71.43
Liberia,0.22,0.07,0.06,0.15,0.07,0.07,31.82,27.27,68.18,31.82,31.82
Libya,0.08,0.55,0.28,0.33,0.56,0.57,687.5,350.0,412.5,700.0,712.5
Madagascar,0.15,0.14,0.1,0.06,0.14,0.18,93.33,66.67,40.0,93.33,120.0
Malawi,0.09,0.16,0.15,0.12,0.16,0.17,177.78,166.67,133.33,177.78,188.89
Mali,0.02,0.27,0.22,0.2,0.27,0.29,1350.0,1100.0,1000.0,1350.0,1450.0
Mauritania,0.0,0.06,0.03,0.03,0.06,0.06,,,,,
Mauritius,3.31,-2.69,-2.74,-2.46,-2.75,-2.75,-81.27,-82.78,-74.32,-83.08,-83.08
Morocco,2.07,3.94,3.3,2.45,3.93,4.54,190.34,159.42,118.36,189.86,219.32
Mozambique,0.27,3.22,3.08,3.16,3.19,3.29,1192.59,1140.74,1170.37,1181.48,1218.52
Namibia,0.27,0.29,0.24,0.39,0.29,0.29,107.41,88.89,144.44,107.41,107.41
Niger,0.05,0.05,0.01,0.04,0.05,0.06,100.0,20.0,80.0,100.0,120.0
Nigeria,1.82,7.42,3.46,0.6,7.5,11.65,407.69,190.11,32.97,412.09,640.11
Rwanda,0.01,0.13,0.08,0.06,0.13,0.15,1300.0,800.0,600.0,1300.0,1500.0
Réunion,0.0,0.01,-0.0,0.0,0.01,0.01,,,,,
Sao Tome and Principe,0.0,0.01,0.01,0.01,0.01,0.01,,,,,
Senegal,0.47,0.24,0.15,0.06,0.25,0.38,51.06,31.91,12.77,53.19,80.85
Seychelles,0.05,-0.04,-0.03,-0.04,-0.04,-0.04,-80.0,-60.0,-80.0,-80.0,-80.0
Sierra Leone,0.0,0.02,0.02,0.02,0.02,0.02,,,,,
Somalia,0.0,0.03,0.02,0.02,0.03,0.03,,,,,
South Africa,23.88,10.06,7.69,14.46,10.15,9.3,42.13,32.2,60.55,42.5,38.94
South Sudan,0.01,-0.0,-0.01,-0.01,-0.01,-0.0,-0.0,-100.0,-100.0,-100.0,-0.0
Sudan,0.03,0.25,0.17,0.17,0.26,0.26,833.33,566.67,566.67,866.67,866.67
Tanzania,0.07,1.37,1.06,0.64,1.39,1.56,1957.14,1514.29,914.29,1985.71,2228.57
Togo,0.03,0.04,0.04,0.04,0.04,0.04,133.33,133.33,133.33,133.33,133.33
Tunisia,0.31,1.85,1.63,1.17,1.85,1.94,596.77,525.81,377.42,596.77,625.81
Uganda,0.37,0.47,0.23,0.08,0.46,0.56,127.03,62.16,21.62,124.32,151.35
Zambia,0.27,0.92,0.79,2.01,0.91,0.99,340.74,292.59,744.44,337.04,366.67
Zimbabwe,0.86,-0.04,-0.07,-0.25,-0.03,0.01,-4.65,-8.14,-29.07,-3.49,1.16
ASIA,2130.8,-14.79,-109.75,-21.76,-0.41,-39.79,-0.69,-5.15,-1.02,-0.02,-1.87
Afghanistan,0.01,0.09,0.01,0.02,0.08,0.1,900.0,100.0,200.0,800.0,1000.0
Armenia,0.01,0.18,0.14,0.06,0.18,0.18,1800.0,1400.0,600.0,1800.0,1800.0
Azerbaijan,0.18,1.21,1.34,0.61,1.2,1.26,672.22,744.44,338.89,666.67,700.0
Bahrain,0.86,0.08,0.01,-0.29,0.04,0.01,9.3,1.16,-33.72,4.65,1.16
Bangladesh,0.76,5.71,3.21,0.6,5.83,6.45,751.32,422.37,78.95,767.11,848.68
Bhutan,0.01,-0.01,-0.01,-0.01,-0.01,-0.01,-100.0,-100.0,-100.0,-100.0,-100.0
Brunei,0.05,0.26,0.17,0.18,0.25,0.12,520.0,340.0,360.0,500.0,240.0
Cambodia,1.02,1.45,1.34,1.49,1.45,1.53,142.16,131.37,146.08,142.16,150.0
China,1099.93,45.12,29.54,33.94,59.83,-11.46,4.1,2.69,3.09,5.44,-1.04
Georgia,0.11,0.51,0.38,0.29,0.5,0.52,463.64,345.45,263.64,454.55,472.73
Hong Kong,131.69,-103.09,-102.01,-69.76,-104.31,-101.33,-78.28,-77.46,-52.97,-79.21,-76.95
India,68.68,88.28,83.74,42.76,89.43,85.48,128.54,121.93,62.26,130.21,124.46
Indonesia,39.42,33.0,30.67,23.45,33.54,36.46,83.71,77.8,59.49,85.08,92.49
Iran,0.23,3.25,1.5,0.04,3.34,3.78,1413.04,652.17,17.39,1452.17,1643.48
Iraq,0.04,4.46,2.4,0.83,4.47,4.92,11150.0,6000.0,2075.0,11175.0,12300.0
Israel,6.45,1.74,0.46,-2.91,1.55,1.84,26.98,7.13,-45.12,24.03,28.53
Japan,410.44,-113.24,-141.04,-35.44,-111.98,-101.03,-27.59,-34.36,-8.63,-27.28,-24.62
Jordan,0.49,0.41,0.25,-0.05,0.41,0.46,83.67,51.02,-10.2,83.67,93.88
Kazakhstan,5.54,4.42,2.51,-1.4,4.5,2.76,79.78,45.31,-25.27,81.23,49.82
Kuwait,0.21,2.89,1.12,0.57,2.88,2.72,1376.19,533.33,271.43,1371.43,1295.24
Kyrgyzstan,0.02,0.1,0.07,0.06,0.1,0.11,500.0,350.0,300.0,500.0,550.0
Laos,0.38,-0.09,-0.13,-0.08,-0.09,-0.09,-23.68,-34.21,-21.05,-23.68,-23.68
Lebanon,0.14,0.61,0.44,0.1,0.57,0.58,435.71,314.29,71.43,407.14,414.29
Macao,8.18,-5.12,-5.36,-1.38,-5.19,-5.29,-62.59,-65.53,-16.87,-63.45,-64.67
Malaysia,41.29,-3.85,-5.18,-0.0,-3.87,-2.36,-9.32,-12.55,-0.0,-9.37,-5.72
Maldives,0.03,0.02,0.01,0.01,0.02,0.02,66.67,33.33,33.33,66.67,66.67
Mongolia,0.09,0.21,0.14,0.11,0.2,0.21,233.33,155.56,122.22,222.22,233.33
Myanmar,0.38,2.06,1.63,1.15,2.07,2.32,542.11,428.95,302.63,544.74,610.53
Nepal,0.16,0.23,0.0,-0.07,0.24,0.29,143.75,0.0,-43.75,150.0,181.25
North Korea,0.02,-0.0,-0.01,0.0,-0.01,-0.01,-0.0,-50.0,0.0,-50.0,-50.0
Oman,0.35,1.88,1.11,0.55,1.85,1.81,537.14,317.14,157.14,528.57,517.14
Pakistan,2.26,4.73,4.11,0.35,4.84,5.94,209.29,181.86,15.49,214.16,262.83
Palestine,0.0,0.0,0.0,0.0,0.0,0.0,,,,,
Philippines,7.68,20.45,17.81,13.84,20.51,23.7,266.28,231.9,180.21,267.06,308.59
Qatar,0.53,3.49,1.56,0.28,3.38,2.95,658.49,294.34,52.83,637.74,556.6
Saudi Arabia,48.72,-10.25,-12.34,-1.13,-10.54,-11.93,-21.04,-25.33,-2.32,-21.63,-24.49
Singapore,122.53,-88.03,-87.32,-36.34,-90.6,-90.14,-71.84,-71.26,-29.66,-73.94,-73.57
South Korea,20.66,36.31,27.16,-3.04,36.95,39.15,175.75,131.46,-14.71,178.85,189.5
Sri Lanka,0.27,2.02,1.91,0.77,2.05,2.15,748.15,707.41,285.19,759.26,796.3
Syria,0.0,0.06,0.05,0.03,0.06,0.06,,,,,
Taiwan,24.71,6.25,0.1,-3.69,6.42,7.64,25.29,0.4,-14.93,25.98,30.92
Tajikistan,0.0,0.12,0.08,0.09,0.12,0.13,,,,,
Thailand,29.56,7.42,4.12,2.47,7.45,14.21,25.1,13.94,8.36,25.2,48.07
Timor-Leste,0.02,-0.01,-0.01,0.02,-0.01,-0.0,-50.0,-50.0,100.0,-50.0,-0.0
Turkmenistan,0.0,0.08,0.03,0.02,0.08,0.08,,,,,
Türkiye,23.4,9.45,7.61,1.3,9.75,10.94,40.38,32.52,5.56,41.67,46.75
United Arab Emirates,18.99,-1.84,-2.49,-6.72,-2.37,-2.25,-9.69,-13.11,-35.39,-12.48,-11.85
Uzbekistan,0.01,0.88,0.48,0.16,0.9,1.02,8800.0,4800.0,1600.0,9000.0,10200.0
Vietnam,14.28,21.27,18.96,14.35,21.51,24.2,148.95,132.77,100.49,150.63,169.47
Yemen,0.01,0.01,-0.01,-0.0,0.01,0.01,100.0,-100.0,-0.0,100.0,100.0
LATIN AMERICA,269.11,78.31,73.62,81.55,79.71,92.79,29.1,27.36,30.3,29.62,34.48
Argentina,14.78,8.01,5.66,4.71,8.21,10.87,54.19,38.29,31.87,55.55,73.55
Bolivia,0.7,0.32,0.08,-0.08,0.33,0.37,45.71,11.43,-11.43,47.14,52.86
Brazil,99.25,23.52,32.43,18.38,24.28,28.31,23.7,32.68,18.52,24.46,28.52
Chile,24.05,-1.58,-2.66,6.97,-1.59,-1.37,-6.57,-11.06,28.98,-6.61,-5.7
Colombia,12.26,7.33,6.07,10.75,7.4,7.66,59.79,49.51,87.68,60.36,62.48
Costa Rica,2.49,1.69,1.55,1.54,1.68,1.76,67.87,62.25,61.85,67.47,70.68
Cuba,0.02,0.1,0.15,-0.0,0.11,0.11,500.0,750.0,-0.0,550.0,550.0
Dominican Republic,1.58,1.4,0.97,0.36,1.42,1.43,88.61,61.39,22.78,89.87,90.51
Ecuador,1.64,1.58,1.29,0.47,1.61,1.7,96.34,78.66,28.66,98.17,103.66
El Salvador,0.62,1.0,0.91,1.01,1.0,1.02,161.29,146.77,162.9,161.29,164.52
Guatemala,1.69,0.94,0.67,0.36,0.96,1.03,55.62,39.64,21.3,56.8,60.95
Honduras,0.38,1.6,1.48,1.45,1.6,1.66,421.05,389.47,381.58,421.05,436.84
Mexico,87.11,23.68,18.32,26.55,23.99,29.42,27.18,21.03,30.48,27.54,33.77
Nicaragua,0.27,0.52,0.49,0.48,0.52,0.55,192.59,181.48,177.78,192.59,203.7
Panama,10.56,-7.05,-7.41,-6.84,-7.08,-7.11,-66.76,-70.17,-64.77,-67.05,-67.33
Paraguay,0.49,0.41,0.31,0.34,0.42,0.44,83.67,63.27,69.39,85.71,89.8
Peru,9.0,3.31,2.34,4.14,3.35,3.44,36.78,26.0,46.0,37.22,38.22
Uruguay,2.24,-0.34,-0.58,-0.1,-0.36,-0.45,-15.18,-25.89,-4.46,-16.07,-20.09
Venezuela,0.0,11.85,11.54,11.04,11.84,11.96,,,,,
CARIBBEAN/AMERICAN ISL.,177.73,-165.18,-166.92,-157.02,-165.91,-166.08,-92.94,-93.92,-88.35,-93.35,-93.45
Anguilla,0.01,-0.01,-0.01,-0.01,-0.01,-0.01,-100.0,-100.0,-100.0,-100.0,-100.0
Antigua and Barbuda,0.0,0.0,0.0,-0.0,0.0,0.0,,,,,
Aruba,0.09,-0.04,-0.05,-0.04,-0.04,-0.04,-44.44,-55.56,-44.44,-44.44,-44.44
Bahamas,5.15,-5.15,-5.15,-4.34,-5.15,-5.15,-100.0,-100.0,-84.27,-100.0,-100.0
Barbados,6.61,-6.42,-6.45,-6.48,-6.48,-6.49,-97.13,-97.58,-98.03,-98.03,-98.18
Belize,0.0,0.0,-0.0,-0.0,-0.0,-0.0,,,,,
Bermuda,34.73,-33.57,-33.47,-31.88,-33.9,-33.93,-96.66,-96.37,-91.79,-97.61,-97.7
British Virgin Islands,37.03,-36.96,-36.96,-34.56,-36.96,-36.97,-99.81,-99.81,-93.33,-99.81,-99.84
Cayman Islands,58.1,-52.98,-52.95,-49.21,-53.24,-53.26,-91.19,-91.14,-84.7,-91.64,-91.67
Curaçao,0.79,-0.73,-0.73,-0.75,-0.74,-0.74,-92.41,-92.41,-94.94,-93.67,-93.67
Dominica,0.0,0.0,0.0,0.0,0.0,0.0,,,,,
Falkland Islands (Malvinas),0.0,-0.0,-0.0,-0.0,-0.0,-0.0,,,,,
French Guiana,0.0,-0.0,-0.0,-0.0,-0.0,-0.0,,,,,
Grenada,0.0,0.0,0.0,0.0,0.0,0.0,,,,,
Guadeloupe,0.0,0.01,0.0,0.01,0.01,0.01,,,,,
Guyana,0.4,-0.21,-0.24,-0.23,-0.22,-0.22,-52.5,-60.0,-57.5,-55.0,-55.0
Haiti,0.0,0.0,-0.0,0.0,0.0,0.0,,,,,
Jamaica,0.11,0.79,0.7,0.62,0.77,0.78,718.18,636.36,563.64,700.0,709.09
Martinique,0.0,0.0,0.0,0.0,0.0,0.0,,,,,
Puerto Rico,33.7,-30.14,-31.65,-30.23,-30.15,-30.24,-89.44,-93.92,-89.7,-89.47,-89.73
Saint Kitts and Nevis,0.07,-0.06,-0.06,-0.06,-0.06,-0.06,-85.71,-85.71,-85.71,-85.71,-85.71
Saint Lucia,0.05,-0.03,-0.04,-0.04,-0.03,-0.03,-60.0,-80.0,-80.0,-60.0,-60.0
Saint Martin (French part),0.0,0.0,0.0,0.0,0.0,0.0,,,,,
Saint Vincent and the Grenadines,0.03,-0.03,-0.03,-0.02,-0.03,-0.03,-100.0,-100.0,-66.67,-100.0,-100.0
Sint Maarten (Dutch part),0.0,0.0,0.0,0.0,0.0,0.0,,,,,
Suriname,0.0,-0.0,-0.0,0.0,-0.0,-0.0,,,,,
Trinidad and Tobago,0.49,0.25,0.1,0.09,0.24,0.22,51.02,20.41,18.37,48.98,44.9
Turks and Caicos Islands,0.0,0.02,0.02,0.02,0.02,0.02,,,,,
U.S. Virgin Islands,0.37,0.05,0.02,0.07,0.05,0.04,13.51,5.41,18.92,13.51,10.81
NORTHERN AMERICA,1429.97,17.31,117.79,152.34,25.6,25.02,1.21,8.24,10.65,1.79,1.75
Canada,216.38,-59.09,-58.36,-12.47,-59.32,-66.8,-27.31,-26.97,-5.76,-27.41,-30.87
Greenland,0.03,-0.01,-0.01,-0.0,-0.01,-0.01,-33.33,-33.33,-0.0,-33.33,-33.33
United States,1213.56,76.41,176.16,164.81,84.93,91.83,6.3,14.52,13.58,7.0,7.57
EUROPE,1221.97,20.79,42.54,-99.03,-2.74,29.43,1.7,3.48,-8.1,-0.22,2.41
Albania,0.04,0.17,0.14,0.07,0.17,0.17,425.0,350.0,175.0,425.0,425.0
Andorra,0.0,0.06,0.06,0.06,0.06,0.06,,,,,
Austria,12.73,2.82,1.99,-1.28,2.42,2.8,22.15,15.63,-10.05,19.01,22.0
Belarus,0.23,0.81,0.48,0.08,0.81,1.05,352.17,208.7,34.78,352.17,456.52
Belgium,37.09,7.32,9.81,31.83,5.75,7.47,19.74,26.45,85.82,15.5,20.14
Bosnia and Herzegovina,0.24,0.34,0.34,0.08,0.34,0.35,141.67,141.67,33.33,141.67,145.83
Bulgaria,2.43,2.04,2.12,1.04,2.03,1.92,83.95,87.24,42.8,83.54,79.01
Croatia,1.48,1.11,1.1,0.2,1.09,1.12,75.0,74.32,13.51,73.65,75.68
Cyprus,4.17,-3.0,-3.05,-3.25,-3.25,-3.22,-71.94,-73.14,-77.94,-77.94,-77.22
Czechia,12.06,7.41,7.39,2.61,7.38,7.33,61.44,61.28,21.64,61.19,60.78
Denmark,36.45,-21.22,-20.49,-14.17,-21.75,-22.54,-58.22,-56.21,-38.88,-59.67,-61.84
Estonia,0.43,0.63,0.55,0.16,0.6,0.55,146.51,127.91,37.21,139.53,127.91
Faroe Islands,0.01,-0.01,-0.01,-0.0,-0.01,-0.01,-100.0,-100.0,-0.0,-100.0,-100.0
Finland,5.16,5.96,6.77,0.91,5.66,5.05,115.5,131.2,17.64,109.69,97.87
France,118.49,63.57,69.79,37.34,62.79,73.93,53.65,58.9,31.51,52.99,62.39
Germany,183.1,34.15,40.08,25.53,31.96,35.55,18.65,21.89,13.94,17.45,19.42
Gibraltar,18.95,-18.91,-18.91,-18.9,-18.92,-18.92,-99.79,-99.79,-99.74,-99.84,-99.84
Greece,4.0,1.23,1.13,0.43,1.15,1.93,30.75,28.25,10.75,28.75,48.25
Guernsey,0.16,0.95,0.89,0.97,0.95,0.94,593.75,556.25,606.25,593.75,587.5
Hungary,6.38,5.67,5.25,4.1,5.51,5.93,88.87,82.29,64.26,86.36,92.95
Iceland,0.13,0.62,0.63,0.49,0.61,0.6,476.92,484.62,376.92,469.23,461.54
Ireland,83.26,-65.62,-66.94,-57.49,-70.53,-67.39,-78.81,-80.4,-69.05,-84.71,-80.94
Isle of Man,5.69,-5.55,-5.63,-5.44,-5.55,-5.57,-97.54,-98.95,-95.61,-97.54,-97.89
Italy,73.31,30.08,35.47,12.54,30.24,28.71,41.03,48.38,17.11,41.25,39.16
Jersey,12.45,-7.53,-7.62,-6.99,-7.54,-7.55,-60.48,-61.2,-56.14,-60.56,-60.64
Kosovo,0.01,0.02,0.01,0.01,0.02,0.02,200.0,100.0,100.0,200.0,200.0
Latvia,0.44,0.69,0.82,0.33,0.67,0.66,156.82,186.36,75.0,152.27,150.0
Liechtenstein,0.14,-0.05,-0.05,-0.0,-0.05,-0.05,-35.71,-35.71,-0.0,-35.71,-35.71
Lithuania,1.34,0.73,0.61,0.23,0.71,0.62,54.48,45.52,17.16,52.99,46.27
Luxembourg,18.39,-3.28,-3.38,-0.86,-5.37,-7.23,-17.84,-18.38,-4.68,-29.2,-39.31
Malta,5.94,-5.0,-5.03,-5.13,-5.17,-5.16,-84.18,-84.68,-86.36,-87.04,-86.87
Moldova,0.02,0.26,0.29,0.21,0.26,0.26,1300.0,1450.0,1050.0,1300.0,1300.0
Monaco,0.64,-0.48,-0.47,-0.44,-0.48,-0.5,-75.0,-73.44,-68.75,-75.0,-78.12
Montenegro,0.02,0.09,0.09,0.09,0.09,0.09,450.0,450.0,450.0,450.0,450.0
Netherlands,130.74,-67.57,-66.51,-72.83,-70.82,-71.86,-51.68,-50.87,-55.71,-54.17,-54.96
North Macedonia,0.14,0.46,0.44,0.33,0.45,0.46,328.57,314.29,235.71,321.43,328.57
Norway,35.88,-7.53,-7.96,-4.8,-7.8,-9.57,-20.99,-22.19,-13.38,-21.74,-26.67
Poland,18.47,23.57,23.23,14.72,23.61,24.83,127.61,125.77,79.7,127.83,134.43
Portugal,11.73,1.54,0.74,2.0,1.48,2.64,13.13,6.31,17.05,12.62,22.51
Romania,6.01,13.65,15.58,8.24,13.71,15.05,227.12,259.23,137.1,228.12,250.42
Russia,4.74,51.13,48.33,16.85,51.78,48.49,1078.69,1019.62,355.49,1092.41,1023.0
San Marino,0.0,-0.0,-0.0,-0.0,-0.0,-0.0,,,,,
Serbia,1.69,1.67,1.81,0.86,1.66,1.73,98.82,107.1,50.89,98.22,102.37
Slovakia,4.48,2.87,3.29,1.04,2.86,2.96,64.06,73.44,23.21,63.84,66.07
Slovenia,1.58,0.5,0.44,0.21,0.46,0.57,31.65,27.85,13.29,29.11,36.08
Spain,61.4,14.64,14.38,10.9,14.52,21.19,23.84,23.42,17.75,23.65,34.51
Sweden,13.21,12.68,12.48,1.39,11.97,10.96,95.99,94.47,10.52,90.61,82.97
Switzerland,115.02,-66.81,-66.0,-57.64,-69.16,-64.98,-58.09,-57.38,-50.11,-60.13,-56.49
Ukraine,2.11,5.32,4.84,2.53,5.33,5.37,252.13,229.38,119.91,252.61,254.5
United Kingdom,169.4,-1.42,3.22,-28.15,-5.42,2.63,-0.84,1.9,-16.62,-3.2,1.55
OCEANIA,88.68,16.06,9.36,15.7,16.23,5.67,18.11,10.55,17.7,18.3,6.39
American Samoa,0.03,-0.03,-0.03,-0.02,-0.03,-0.03,-100.0,-100.0,-66.67,-100.0,-100.0
Australia,75.42,18.36,13.05,20.05,18.56,8.94,24.34,17.3,26.58,24.61,11.85
Cook Islands,0.0,0.01,0.01,0.01,0.01,0.01,,,,,
Fiji,0.1,0.04,0.0,-0.0,0.04,0.04,40.0,0.0,-0.0,40.0,40.0
French Polynesia,0.1,-0.06,-0.07,-0.04,-0.06,-0.06,-60.0,-70.0,-40.0,-60.0,-60.0
Guam,0.06,0.1,0.05,0.11,0.1,0.09,166.67,83.33,183.33,166.67,150.0
Kiribati,0.0,0.0,0.0,0.0,0.0,0.0,,,,,
Marshall Islands,0.42,-0.38,-0.38,-0.32,-0.38,-0.38,-90.48,-90.48,-76.19,-90.48,-90.48
Micronesia,0.35,-0.35,-0.35,-0.33,-0.35,-0.35,-100.0,-100.0,-94.29,-100.0,-100.0
Nauru,0.0,-0.0,-0.0,-0.0,-0.0,-0.0,,,,,
New Caledonia,0.05,0.08,0.06,0.17,0.08,0.08,160.0,120.0,340.0,160.0,160.0
New Zealand,10.55,-1.16,-2.22,-3.52,-1.17,-2.14,-11.0,-21.04,-33.36,-11.09,-20.28
Northern Mariana Islands,0.0,0.08,0.08,0.09,0.08,0.08,,,,,
Palau,0.0,-0.0,-0.0,-0.0,-0.0,-0.0,,,,,
Papua New Guinea,1.47,-0.57,-0.78,-0.65,-0.59,-0.54,-38.78,-53.06,-44.22,-40.14,-36.73
Samoa,0.08,-0.06,-0.07,0.15,-0.06,-0.06,-75.0,-87.5,187.5,-75.0,-75.0
Solomon Islands,0.01,-0.0,-0.0,0.0,-0.0,-0.0,-0.0,-0.0,0.0,-0.0,-0.0
Tonga,0.0,0.0,0.0,0.0,0.0,0.0,,,,,
Vanuatu,0.05,-0.0,-0.0,-0.0,-0.0,-0.0,-0.0,-0.0,-0.0,-0.0,-0.0
Wallis and Futuna,0.0,-0.0,-0.0,-0.0,-0.0,-0.0,,,,,
