Country,Reported profit base,Current tax revenue from MNEs,Baseline — Δ taxable profit,Baseline — Δ tax revenue,Excl. resource — Δ taxable profit,Excl. resource — Δ tax revenue,+ Min. royalty — Δ tax revenue (total),Of which: royalty,Loss consolidation — Δ tax revenue
AFRICA,40.58,16.03,34.87,13.8,47.51,26.66,27.63,0.97,45.56
Algeria,0.9,0.09,1.1,0.4,3.32,2.46,2.46,0.0,4.9
Angola,1.69,0.59,-1.45,-0.44,0.0,0.18,0.18,0.0,0.21
Benin,0.02,0.0,0.11,0.03,0.1,0.03,0.03,0.0,0.06
Botswana,0.23,0.04,0.14,0.04,0.25,0.06,0.06,0.0,0.11
British Indian Ocean Territory,0.0,0.0,-0.0,0.0,-0.0,0.0,0.0,0.0,0.0
Burkina Faso,0.12,0.02,-0.06,-0.0,0.01,0.01,0.11,0.1,0.02
Burundi,-0.0,0.0,0.0,0.0,0.0,0.0,0.0,0.0,0.0
Cabo Verde,0.05,0.0,-0.0,-0.0,-0.0,0.0,0.0,0.0,0.0
Cameroon,0.11,0.12,0.51,0.17,0.66,0.34,0.34,0.0,0.61
Central African Republic,-0.0,0.0,0.0,0.0,0.0,0.0,0.0,0.0,0.0
Chad,0.04,0.04,-0.01,-0.0,0.01,0.04,0.05,0.0,-0.02
Comoros,0.0,0.0,0.0,0.0,0.0,0.0,0.0,0.0,0.0
Congo (Rep.),-0.37,0.17,0.38,0.14,0.6,0.18,0.18,0.01,0.09
Côte d'Ivoire,0.66,0.26,1.17,0.29,1.03,0.37,0.37,0.0,0.66
Djibouti,0.01,0.0,0.01,0.0,0.01,0.0,0.0,0.0,0.0
DR Congo,-0.24,0.38,0.59,0.2,1.17,0.91,0.94,0.02,1.43
Egypt,2.83,0.58,6.85,1.75,7.73,1.87,1.87,0.0,3.67
Equatorial Guinea,0.47,0.11,-0.48,0.0,-0.37,-0.07,-0.07,0.0,-0.15
Eswatini,0.49,0.04,-0.31,-0.06,-0.33,-0.02,-0.02,0.0,-0.04
Ethiopia,0.22,0.13,1.76,0.56,1.56,1.21,1.21,0.0,2.39
Gabon,0.28,0.19,-0.28,-0.08,0.09,0.13,0.13,0.0,0.13
Gambia,0.0,0.0,0.03,0.01,0.01,0.0,0.0,0.0,0.01
Ghana,1.27,0.23,0.51,0.22,0.77,0.28,0.31,0.02,0.49
Guinea,0.22,0.05,-0.1,0.01,-0.08,-0.01,0.15,0.16,-0.02
Guinea-Bissau,-0.0,0.0,0.0,0.0,0.0,0.0,0.0,0.0,0.0
Kenya,0.52,0.32,2.36,0.84,2.1,1.41,1.41,0.0,2.75
Lesotho,0.07,0.02,0.07,0.02,0.05,0.01,0.01,0.0,0.03
Liberia,0.03,0.01,0.08,0.08,0.07,0.07,0.07,0.0,0.0
Libya,0.04,0.02,-3.24,-1.41,0.55,0.11,0.11,0.0,0.2
Madagascar,0.15,0.02,0.15,0.03,0.14,0.03,0.04,0.01,0.06
Malawi,0.09,0.03,0.33,0.1,0.16,0.05,0.05,0.0,0.09
Mali,-0.12,0.02,0.28,0.1,0.27,0.08,0.11,0.03,0.07
Mauritania,-0.01,0.0,0.06,0.02,0.06,0.01,0.02,0.01,0.02
Mauritius,3.28,0.33,-2.63,0.08,-2.69,-0.16,-0.16,0.0,-0.84
Morocco,2.07,0.75,4.55,1.43,3.94,1.59,1.93,0.34,3.21
Mozambique,-2.25,0.07,3.21,1.05,3.22,1.05,1.07,0.02,0.43
Namibia,0.27,0.08,0.33,0.12,0.29,0.15,0.15,0.0,0.23
Niger,0.05,0.02,0.04,0.01,0.05,0.03,0.04,0.01,0.05
Nigeria,1.47,0.37,5.72,2.09,7.42,2.31,2.33,0.02,4.32
Rwanda,0.0,0.0,0.16,0.05,0.13,0.04,0.04,0.0,0.07
Réunion,0.0,0.0,0.01,0.0,0.01,0.0,0.0,0.0,0.0
Sao Tome and Principe,-0.01,0.0,0.01,0.0,0.01,0.0,0.0,0.0,0.0
Senegal,0.39,0.16,0.3,0.11,0.24,0.12,0.12,0.0,0.15
Seychelles,0.05,0.0,-0.03,0.0,-0.04,0.0,0.0,0.0,-0.0
Sierra Leone,-0.01,0.0,0.02,0.01,0.02,0.01,0.01,0.0,0.01
Somalia,-0.01,0.0,0.05,0.02,0.03,0.01,0.01,0.0,0.01
South Africa,23.88,10.22,7.81,3.77,10.06,9.48,9.48,0.0,15.91
South Sudan,0.01,0.0,-0.0,-0.0,-0.0,-0.0,-0.0,0.0,-0.0
Sudan,-0.06,0.09,0.34,0.12,0.25,0.21,0.25,0.04,0.34
Tanzania,0.06,0.04,1.12,0.37,1.37,0.62,0.63,0.01,1.21
Togo,0.03,0.01,0.03,0.01,0.04,0.01,0.01,0.0,0.03
Tunisia,0.31,0.08,1.84,0.88,1.85,0.78,0.79,0.01,1.95
Uganda,0.31,0.05,0.55,0.22,0.47,0.17,0.17,0.0,0.26
Zambia,0.11,0.09,0.81,0.41,0.92,0.47,0.5,0.03,0.48
Zimbabwe,0.86,0.19,0.09,0.04,-0.04,0.01,0.14,0.13,-0.01
ASIA,2129.9,500.38,-64.0,29.3,-14.79,58.2,59.97,1.78,96.45
Afghanistan,-0.0,0.02,0.12,0.02,0.09,0.02,0.02,0.0,0.03
Armenia,0.01,0.0,0.22,0.04,0.18,0.03,0.03,0.0,0.07
Azerbaijan,0.17,0.03,-0.03,0.1,1.21,0.25,0.25,0.0,0.5
Bahrain,0.86,0.0,-0.01,0.0,0.08,0.0,0.0,0.0,0.0
Bangladesh,0.76,0.37,6.22,2.02,5.71,2.79,2.79,0.0,5.51
Bhutan,0.01,0.0,-0.01,-0.0,-0.01,-0.0,-0.0,0.0,-0.0
Brunei,0.05,0.01,0.23,0.04,0.26,0.05,0.05,0.0,0.1
Cambodia,1.02,0.17,1.54,0.33,1.45,0.3,0.3,0.0,0.58
China,1099.93,255.9,71.2,31.75,45.12,18.25,18.25,0.0,37.5
Georgia,0.11,0.01,0.63,0.1,0.51,0.08,0.08,0.0,0.14
Hong Kong,131.69,12.4,-100.89,-5.46,-103.09,-9.4,-9.4,0.0,-22.07
India,68.68,24.68,90.65,37.53,88.28,45.31,46.2,0.88,79.02
Indonesia,39.42,9.19,25.88,7.49,33.0,9.76,9.76,0.0,17.94
Iran,0.19,0.04,3.83,0.96,3.25,1.13,1.13,0.0,2.16
Iraq,-0.17,0.04,3.26,0.93,4.46,0.67,0.67,0.0,1.26
Israel,6.45,1.75,2.28,0.57,1.74,0.5,0.5,0.0,0.89
Japan,410.44,125.74,-97.28,-25.6,-113.24,-32.74,-32.74,0.0,-67.47
Jordan,0.49,0.05,0.83,0.17,0.41,0.09,0.09,0.0,0.17
Kazakhstan,5.54,0.58,3.07,0.77,4.42,1.1,1.1,0.0,2.18
Kuwait,0.18,0.01,2.81,0.42,2.89,0.44,0.44,0.0,0.86
Kyrgyzstan,0.01,0.0,0.1,0.01,0.1,0.01,0.01,0.0,0.02
Laos,0.37,0.05,-0.14,-0.0,-0.09,0.01,0.01,0.0,0.01
Lebanon,0.11,0.06,0.79,0.19,0.61,0.22,0.22,0.0,0.43
Macao,8.01,2.1,-4.98,-1.23,-5.12,-0.95,-0.95,0.0,-2.17
Malaysia,41.29,8.61,-9.01,-1.07,-3.85,-0.74,-0.74,0.0,-1.52
Maldives,0.02,0.01,0.04,0.01,0.02,0.01,0.01,0.0,0.01
Mongolia,0.03,0.02,0.16,0.05,0.21,0.07,0.07,0.0,0.09
Myanmar,0.28,0.06,1.93,0.48,2.06,0.83,0.93,0.1,1.56
Nepal,0.16,0.05,0.26,0.07,0.23,0.07,0.07,0.0,0.13
North Korea,0.01,0.0,-0.0,-0.0,-0.0,-0.0,-0.0,0.0,-0.0
Oman,0.28,0.08,1.59,0.31,1.88,0.59,0.59,0.0,1.14
Pakistan,2.26,0.95,5.57,1.77,4.73,1.78,1.8,0.02,3.54
Palestine,-0.0,0.0,0.0,0.0,0.0,0.0,0.0,0.0,0.0
Philippines,7.68,1.68,21.98,6.42,20.45,5.96,5.96,0.0,11.82
Qatar,0.53,0.04,2.91,0.45,3.49,0.42,0.42,0.0,0.79
Saudi Arabia,48.71,9.77,-102.1,-48.25,-10.25,-0.05,-0.05,0.0,-2.24
Singapore,122.53,11.56,-85.34,-5.13,-88.03,-7.62,-7.62,0.0,-16.69
South Korea,20.66,4.78,42.32,11.44,36.31,9.8,9.8,0.0,20.64
Sri Lanka,0.24,0.06,2.2,0.58,2.02,0.72,0.72,0.0,1.34
Syria,-0.03,0.0,0.07,0.02,0.06,0.02,0.02,0.0,0.02
Taiwan,24.71,4.15,8.78,2.13,6.25,1.58,1.58,0.0,3.11
Tajikistan,-0.0,0.0,0.02,0.0,0.12,0.03,0.03,0.0,0.05
Thailand,29.56,5.48,8.23,1.75,7.42,2.02,2.02,0.0,4.0
Timor-Leste,0.01,0.0,-0.22,-0.02,-0.01,-0.0,0.01,0.01,-0.0
Turkmenistan,-0.0,0.0,0.1,0.08,0.08,0.01,0.01,0.0,0.01
Türkiye,23.4,7.03,12.78,2.55,9.45,2.16,2.16,0.0,5.04
United Arab Emirates,18.99,10.04,-9.62,-0.42,-1.84,-1.7,-1.7,0.0,-2.62
Uzbekistan,-0.05,0.0,0.91,0.12,0.88,0.11,0.87,0.76,0.22
Vietnam,14.28,2.79,22.07,4.8,21.27,4.24,4.24,0.0,8.39
Yemen,0.01,0.0,0.02,0.0,0.01,0.0,0.0,0.0,0.0
LATIN AMERICA,256.96,72.53,72.12,38.51,78.31,46.66,47.35,0.69,71.36
Argentina,14.78,4.75,9.44,3.41,8.01,4.17,4.17,0.0,7.15
Bolivia,0.7,0.08,0.34,0.19,0.32,0.14,0.34,0.2,0.24
Brazil,99.25,28.69,20.29,14.12,23.52,18.36,18.36,0.0,27.55
Chile,24.05,4.12,-8.23,-0.48,-1.58,0.56,0.56,0.0,0.32
Colombia,9.95,4.26,7.18,4.08,7.33,6.33,6.33,0.0,9.29
Costa Rica,2.49,0.4,1.89,0.64,1.69,0.57,0.57,0.0,1.08
Cuba,0.02,0.0,0.11,0.04,0.1,0.04,0.04,0.0,0.07
Dominican Republic,1.58,0.33,1.59,0.47,1.4,0.4,0.4,0.0,0.78
Ecuador,1.64,0.57,1.54,0.43,1.58,0.57,0.57,0.0,1.1
El Salvador,0.62,0.12,1.07,0.34,1.0,0.31,0.31,0.0,0.62
Guatemala,1.69,0.26,1.01,0.41,0.94,0.32,0.32,0.0,0.64
Honduras,0.38,0.1,1.69,0.51,1.6,0.49,0.49,0.0,0.96
Mexico,87.11,26.14,32.57,10.73,23.68,8.69,8.69,0.0,17.39
Nicaragua,0.27,0.11,0.54,0.18,0.52,0.22,0.22,0.0,0.43
Panama,10.56,0.35,-6.79,-0.02,-7.05,0.15,0.15,0.0,0.12
Paraguay,0.38,0.05,0.46,0.06,0.41,0.07,0.07,0.0,0.09
Peru,9.0,1.77,-4.31,-0.81,3.31,1.21,1.21,0.0,2.37
Uruguay,2.24,0.31,-0.19,0.11,-0.34,0.04,0.04,0.0,0.03
Venezuela,-9.74,0.13,11.92,4.12,11.85,4.03,4.51,0.48,1.14
CARIBBEAN/AMERICAN ISL.,172.06,3.5,-165.14,-0.97,-165.18,-0.78,-0.78,0.0,-3.31
Anguilla,0.01,0.0,-0.01,0.0,-0.01,0.0,0.0,0.0,0.0
Antigua and Barbuda,0.0,0.0,0.0,0.0,0.0,0.0,0.0,0.0,0.0
Aruba,0.09,0.01,-0.03,-0.01,-0.04,-0.0,-0.0,0.0,-0.01
Bahamas,5.15,0.13,-5.15,0.0,-5.15,0.0,0.0,0.0,0.0
Barbados,6.61,0.1,-6.41,-0.06,-6.42,-0.07,-0.07,0.0,-0.18
Belize,0.0,0.0,0.0,-0.0,0.0,-0.0,-0.0,0.0,-0.0
Bermuda,34.15,0.89,-33.51,-0.35,-33.57,-0.47,-0.47,0.0,-0.98
British Virgin Islands,37.03,0.54,-36.94,-0.34,-36.96,-0.5,-0.5,0.0,-0.99
Cayman Islands,53.79,0.6,-52.91,-0.23,-52.98,0.15,0.15,0.0,-0.51
Curaçao,0.79,0.01,-0.73,0.01,-0.73,0.0,0.0,0.0,-0.0
Dominica,0.0,0.0,0.0,0.0,0.0,0.0,0.0,0.0,0.0
Falkland Islands (Malvinas),0.0,0.0,0.0,0.0,-0.0,-0.0,-0.0,0.0,-0.0
French Guiana,0.0,0.0,-0.0,-0.0,-0.0,-0.0,-0.0,0.0,-0.0
Grenada,0.0,0.0,0.0,0.0,0.0,0.0,0.0,0.0,0.0
Guadeloupe,-0.0,0.0,0.01,0.0,0.01,0.0,0.0,0.0,0.0
Guyana,0.29,0.01,-0.2,-0.05,-0.21,0.05,0.05,0.0,0.0
Haiti,0.0,0.0,0.0,0.0,0.0,0.0,0.0,0.0,0.0
Jamaica,-0.06,0.05,0.83,0.23,0.79,0.31,0.31,0.0,0.48
Martinique,0.0,0.0,0.0,0.0,0.0,0.0,0.0,0.0,0.0
Puerto Rico,33.7,1.0,-29.94,-0.38,-30.14,-0.51,-0.51,0.0,-1.31
Saint Kitts and Nevis,0.07,0.01,-0.06,-0.02,-0.06,-0.0,-0.0,0.0,-0.01
Saint Lucia,0.05,0.0,-0.03,-0.01,-0.03,-0.0,-0.0,0.0,-0.0
Saint Martin (French part),-0.0,0.0,0.0,0.0,0.0,0.0,0.0,0.0,0.0
Saint Vincent and the Grenadines,0.03,0.01,-0.02,-0.0,-0.03,-0.0,-0.0,0.0,-0.01
Sint Maarten (Dutch part),-0.0,0.0,0.0,0.0,0.0,0.0,0.0,0.0,0.0
Suriname,0.0,0.0,0.0,0.0,-0.0,-0.0,-0.0,0.0,-0.0
Trinidad and Tobago,0.34,0.13,-0.13,0.12,0.25,0.17,0.17,0.0,0.18
Turks and Caicos Islands,-0.01,0.0,0.02,0.0,0.02,0.0,0.0,0.0,0.0
U.S. Virgin Islands,0.04,0.01,0.06,0.11,0.05,0.1,0.1,0.0,0.02
NORTHERN AMERICA,1429.97,339.81,60.66,63.47,17.31,40.33,40.33,0.0,70.9
Canada,216.38,36.38,-61.94,-1.65,-59.09,1.12,1.12,0.0,-7.08
Greenland,0.03,0.01,-0.01,-0.0,-0.01,-0.0,-0.0,0.0,-0.0
United States,1213.56,303.42,122.61,65.13,76.41,39.21,39.21,0.0,77.98
EUROPE,1197.5,220.89,78.94,110.65,20.79,96.96,96.96,0.0,149.07
Albania,0.02,0.01,0.18,0.03,0.17,0.04,0.04,0.0,0.07
Andorra,-0.05,0.0,0.06,0.0,0.06,0.0,0.0,0.0,0.0
Austria,12.73,2.08,4.03,1.8,2.82,1.23,1.23,0.0,2.3
Belarus,0.23,0.05,0.86,0.17,0.81,0.18,0.18,0.0,0.35
Belgium,37.09,8.66,9.18,4.16,7.32,3.03,3.03,0.0,5.48
Bosnia and Herzegovina,0.24,0.03,0.38,0.04,0.34,0.04,0.04,0.0,0.09
Bulgaria,2.43,0.24,2.3,0.24,2.04,0.23,0.23,0.0,0.42
Croatia,1.48,0.22,1.26,0.25,1.11,0.24,0.24,0.0,0.48
Cyprus,4.03,0.17,-2.91,0.04,-3.0,-0.07,-0.07,0.0,-0.34
Czechia,12.06,2.11,8.75,1.75,7.41,1.45,1.45,0.0,2.9
Denmark,36.45,5.63,-22.02,-2.01,-21.22,-1.39,-1.39,0.0,-4.32
Estonia,0.43,0.04,0.7,0.17,0.63,0.13,0.13,0.0,0.26
Faroe Islands,0.01,0.0,-0.01,-0.0,-0.01,-0.0,-0.0,0.0,-0.0
Finland,5.16,1.46,7.17,1.48,5.96,1.64,1.64,0.0,2.87
France,118.49,33.11,78.09,29.6,63.57,25.6,25.6,0.0,47.84
Germany,183.1,41.52,48.16,22.94,34.15,20.07,20.07,0.0,33.44
Gibraltar,18.95,0.02,-18.91,-0.11,-18.91,-0.02,-0.02,0.0,-0.04
Greece,3.84,1.02,1.61,0.69,1.23,0.4,0.4,0.0,1.35
Guernsey,-0.84,0.04,0.96,0.02,0.95,0.32,0.32,0.0,0.64
Hungary,5.35,1.46,6.41,0.77,5.67,1.08,1.08,0.0,1.53
Iceland,-0.34,0.02,0.65,0.14,0.62,0.15,0.15,0.0,0.07
Ireland,83.26,13.62,-64.06,-7.68,-65.62,-10.8,-10.8,0.0,-23.49
Isle of Man,5.68,0.02,-5.54,-0.23,-5.55,-0.03,-0.03,0.0,-0.06
Italy,73.31,18.85,38.97,13.19,30.08,12.1,12.1,0.0,20.98
Jersey,7.66,0.1,-7.51,-0.05,-7.53,-0.86,-0.86,0.0,-1.71
Kosovo,0.01,0.0,0.02,0.0,0.02,0.0,0.0,0.0,0.0
Latvia,0.44,0.04,0.79,0.17,0.69,0.15,0.15,0.0,0.29
Liechtenstein,0.14,0.03,-0.04,0.0,-0.05,-0.01,-0.01,0.0,-0.03
Lithuania,1.34,0.14,0.87,0.18,0.73,0.17,0.17,0.0,0.3
Luxembourg,2.29,3.31,-2.67,7.46,-3.28,0.99,0.99,0.0,-12.53
Malta,5.94,0.36,-4.91,-0.15,-5.0,-1.97,-1.97,0.0,-3.97
Moldova,0.02,0.01,0.27,0.04,0.26,0.05,0.05,0.0,0.09
Monaco,0.64,0.07,-0.47,-0.06,-0.48,-0.06,-0.06,0.0,-0.12
Montenegro,-0.0,0.0,0.1,0.01,0.09,0.01,0.01,0.0,0.01
Netherlands,130.74,15.88,-63.4,-0.02,-67.57,-4.74,-4.74,0.0,-14.34
North Macedonia,0.14,0.03,0.48,0.08,0.46,0.09,0.09,0.0,0.18
Norway,35.88,7.88,-23.72,-8.33,-7.53,-0.92,-0.92,0.0,-2.75
Poland,18.47,4.19,25.85,4.83,23.57,5.61,5.61,0.0,11.51
Portugal,11.73,1.81,2.19,1.71,1.54,1.21,1.21,0.0,2.1
Romania,6.01,1.26,14.98,2.4,13.65,3.05,3.05,0.0,5.83
Russia,4.64,1.3,44.02,12.14,51.13,15.24,15.24,0.0,29.95
San Marino,0.0,0.0,-0.0,-0.0,-0.0,-0.0,-0.0,0.0,-0.0
Serbia,1.69,0.14,1.87,0.3,1.67,0.27,0.27,0.0,0.53
Slovakia,4.48,0.6,3.43,0.83,2.87,0.7,0.7,0.0,1.4
Slovenia,1.58,0.44,0.58,0.3,0.5,0.3,0.3,0.0,0.46
Spain,61.4,11.34,20.0,6.74,14.64,4.63,4.63,0.0,8.98
Sweden,13.21,3.64,15.87,3.61,12.68,4.4,4.4,0.0,6.29
Switzerland,115.02,12.93,-62.39,-2.63,-66.81,-5.33,-5.33,0.0,-11.85
Ukraine,1.55,0.74,5.3,1.2,5.32,2.56,2.56,0.0,5.4
United Kingdom,169.4,24.26,11.14,12.45,-1.42,15.78,15.78,0.0,30.2
OCEANIA,88.39,20.05,-17.44,-1.46,16.06,7.05,7.06,0.02,12.67
American Samoa,0.03,0.0,-0.02,-0.01,-0.03,-0.0,-0.0,0.0,-0.0
Australia,75.42,17.01,-17.05,-1.88,18.36,7.27,7.27,0.0,13.37
Cook Islands,-0.01,0.0,0.01,0.0,0.01,0.0,0.0,0.0,-0.0
Fiji,0.1,0.02,0.08,0.02,0.04,0.01,0.01,0.0,0.02
French Polynesia,0.1,0.03,-0.06,-0.01,-0.06,-0.02,-0.02,0.0,-0.04
Guam,0.04,0.02,0.11,0.03,0.1,0.05,0.05,0.0,0.07
Kiribati,0.0,0.0,0.0,0.0,0.0,0.0,0.0,0.0,0.0
Marshall Islands,0.42,0.0,-0.38,-0.0,-0.38,-0.0,-0.0,0.0,-0.0
Micronesia,0.35,0.06,-0.35,-0.06,-0.35,-0.11,-0.11,0.0,-0.23
Nauru,0.0,0.0,-0.0,-0.0,-0.0,-0.0,-0.0,0.0,-0.0
New Caledonia,0.02,0.06,0.07,0.0,0.08,0.05,0.05,0.0,0.09
New Zealand,10.55,2.63,0.66,0.39,-1.16,-0.19,-0.19,0.0,-0.44
Northern Mariana Islands,-0.07,0.0,0.08,0.02,0.08,0.02,0.02,0.0,0.0
Palau,0.0,0.0,-0.0,0.0,-0.0,0.0,0.0,0.0,0.0
Papua New Guinea,1.36,0.21,-0.53,0.05,-0.57,-0.02,-0.0,0.02,-0.17
Samoa,0.07,0.01,-0.06,0.01,-0.06,0.0,0.0,0.0,-0.01
Solomon Islands,0.01,0.0,0.0,0.0,-0.0,-0.0,-0.0,0.0,-0.0
Tonga,0.0,0.0,0.0,0.0,0.0,0.0,0.0,0.0,0.0
Vanuatu,0.01,0.0,0.0,0.0,-0.0,-0.0,-0.0,0.0,-0.0
Wallis and Futuna,0.0,0.0,-0.0,0.0,-0.0,0.0,0.0,0.0,0.0
