Country,Current tax revenue from MNEs,Sales & employees,CCCTB,Three-factor,Double-weighted sales,Sales & employees (%),CCCTB (%),Three-factor (%),Double-weighted sales (%)
AFRICA,16.03,26.66,18.25,23.3,24.38,166.31,113.85,145.35,152.09
Algeria,0.09,2.46,1.87,2.0,2.61,2733.33,2077.78,2222.22,2900.0
Angola,0.59,0.18,0.64,0.7,0.69,30.51,108.47,118.64,116.95
Benin,0.0,0.03,0.02,0.02,0.03,,,,
Botswana,0.04,0.06,0.03,0.04,0.04,150.0,75.0,100.0,100.0
British Indian Ocean Territory,0.0,0.0,0.0,0.0,0.0,,,,
Burkina Faso,0.02,0.01,-0.0,0.0,0.0,50.0,-0.0,0.0,0.0
Burundi,0.0,0.0,0.0,0.0,0.0,,,,
Cabo Verde,0.0,0.0,-0.0,0.0,-0.0,,,,
Cameroon,0.12,0.34,0.2,0.25,0.28,283.33,166.67,208.33,233.33
Central African Republic,0.0,0.0,0.0,0.0,0.0,,,,
Chad,0.04,0.04,0.08,0.08,0.07,100.0,200.0,200.0,175.0
Comoros,0.0,0.0,0.0,0.0,0.0,,,,
Congo (Rep.),0.17,0.18,0.27,0.27,0.26,105.88,158.82,158.82,152.94
Côte d'Ivoire,0.26,0.37,0.17,0.25,0.3,142.31,65.38,96.15,115.38
Djibouti,0.0,0.0,0.0,0.0,0.0,,,,
DR Congo,0.38,0.91,1.04,1.19,1.07,239.47,273.68,313.16,281.58
Egypt,0.58,1.87,1.17,1.43,1.73,322.41,201.72,246.55,298.28
Equatorial Guinea,0.11,-0.07,-0.06,-0.06,-0.06,-63.64,-54.55,-54.55,-54.55
Eswatini,0.04,-0.02,-0.03,-0.03,-0.03,-50.0,-75.0,-75.0,-75.0
Ethiopia,0.13,1.21,0.69,0.81,1.04,930.77,530.77,623.08,800.0
Gabon,0.19,0.13,0.24,0.26,0.25,68.42,126.32,136.84,131.58
Gambia,0.0,0.0,0.0,0.0,0.0,,,,
Ghana,0.23,0.28,0.26,0.31,0.35,121.74,113.04,134.78,152.17
Guinea,0.05,-0.01,-0.02,-0.01,-0.01,-20.0,-40.0,-20.0,-20.0
Guinea-Bissau,0.0,0.0,0.0,0.0,0.0,,,,
Kenya,0.32,1.41,0.77,0.96,1.2,440.62,240.62,300.0,375.0
Lesotho,0.02,0.01,0.0,0.01,0.0,50.0,0.0,50.0,0.0
Liberia,0.01,0.07,0.08,0.08,0.08,700.0,800.0,800.0,800.0
Libya,0.02,0.11,0.13,0.13,0.14,550.0,650.0,650.0,700.0
Madagascar,0.02,0.03,0.01,0.02,0.02,150.0,50.0,100.0,100.0
Malawi,0.03,0.05,0.01,0.03,0.03,166.67,33.33,100.0,100.0
Mali,0.02,0.08,0.07,0.07,0.08,400.0,350.0,350.0,400.0
Mauritania,0.0,0.01,0.01,0.01,0.01,,,,
Mauritius,0.33,-0.16,-0.16,-0.15,-0.16,-48.48,-48.48,-45.45,-48.48
Morocco,0.75,1.59,0.56,0.99,0.99,212.0,74.67,132.0,132.0
Mozambique,0.07,1.05,1.0,1.06,1.03,1500.0,1428.57,1514.29,1471.43
Namibia,0.08,0.15,0.11,0.13,0.12,187.5,137.5,162.5,150.0
Niger,0.02,0.03,0.05,0.06,0.05,150.0,250.0,300.0,250.0
Nigeria,0.37,2.31,1.89,2.0,2.57,624.32,510.81,540.54,694.59
Rwanda,0.0,0.04,0.02,0.03,0.03,,,,
Réunion,0.0,0.0,0.0,0.0,0.0,,,,
Sao Tome and Principe,0.0,0.0,0.0,0.0,0.0,,,,
Senegal,0.16,0.12,0.07,0.1,0.11,75.0,43.75,62.5,68.75
Seychelles,0.0,0.0,0.0,0.0,0.0,,,,
Sierra Leone,0.0,0.01,0.01,0.01,0.01,,,,
Somalia,0.0,0.01,0.01,0.01,0.01,,,,
South Africa,10.22,9.48,5.74,8.53,7.57,92.76,56.16,83.46,74.07
South Sudan,0.0,-0.0,-0.0,-0.0,-0.0,,,,
Sudan,0.09,0.21,0.16,0.18,0.19,233.33,177.78,200.0,211.11
Tanzania,0.04,0.62,0.4,0.47,0.55,1550.0,1000.0,1175.0,1375.0
Togo,0.01,0.01,0.01,0.01,0.01,100.0,100.0,100.0,100.0
Tunisia,0.08,0.78,0.35,0.52,0.52,975.0,437.5,650.0,650.0
Uganda,0.05,0.17,0.13,0.15,0.17,340.0,260.0,300.0,340.0
Zambia,0.09,0.47,0.34,0.43,0.4,522.22,377.78,477.78,444.44
Zimbabwe,0.19,0.01,-0.05,-0.02,-0.01,5.26,-26.32,-10.53,-5.26
ASIA,500.38,58.2,2.57,26.37,30.13,11.63,0.51,5.27,6.02
Afghanistan,0.02,0.02,0.01,0.01,0.02,100.0,50.0,50.0,100.0
Armenia,0.0,0.03,0.02,0.02,0.03,,,,
Azerbaijan,0.03,0.25,0.22,0.23,0.25,833.33,733.33,766.67,833.33
Bahrain,0.0,0.0,0.0,0.0,0.0,,,,
Bangladesh,0.37,2.79,1.69,1.83,2.6,754.05,456.76,494.59,702.7
Bhutan,0.0,-0.0,-0.0,-0.0,-0.0,,,,
Brunei,0.01,0.05,0.05,0.05,0.06,500.0,500.0,500.0,600.0
Cambodia,0.17,0.3,0.1,0.19,0.12,176.47,58.82,111.76,70.59
China,255.9,18.25,-2.53,7.31,6.02,7.13,-0.99,2.86,2.35
Georgia,0.01,0.08,0.04,0.05,0.06,800.0,400.0,500.0,600.0
Hong Kong,12.4,-9.4,-6.75,-7.1,-7.72,-75.81,-54.44,-57.26,-62.26
India,24.68,45.31,17.77,28.12,32.16,183.59,72.0,113.94,130.31
Indonesia,9.19,9.76,4.43,7.17,6.93,106.2,48.2,78.02,75.41
Iran,0.04,1.13,0.74,0.76,1.12,2825.0,1850.0,1900.0,2800.0
Iraq,0.04,0.67,0.5,0.5,0.68,1675.0,1250.0,1250.0,1700.0
Israel,1.75,0.5,0.2,0.13,0.46,28.57,11.43,7.43,26.29
Japan,125.74,-32.74,-16.92,-20.6,-26.41,-26.04,-13.46,-16.38,-21.0
Jordan,0.05,0.09,0.05,0.07,0.08,180.0,100.0,140.0,160.0
Kazakhstan,0.58,1.1,0.78,0.87,1.15,189.66,134.48,150.0,198.28
Kuwait,0.01,0.44,0.3,0.3,0.42,4400.0,3000.0,3000.0,4200.0
Kyrgyzstan,0.0,0.01,0.01,0.01,0.01,,,,
Laos,0.05,0.01,-0.0,0.01,0.0,20.0,-0.0,20.0,0.0
Lebanon,0.06,0.22,0.13,0.14,0.21,366.67,216.67,233.33,350.0
Macao,2.1,-0.95,-0.66,-0.72,-0.9,-45.24,-31.43,-34.29,-42.86
Malaysia,8.61,-0.74,-1.82,-1.05,-1.64,-8.59,-21.14,-12.2,-19.05
Maldives,0.01,0.01,0.01,0.01,0.01,100.0,100.0,100.0,100.0
Mongolia,0.02,0.07,0.05,0.06,0.06,350.0,250.0,300.0,300.0
Myanmar,0.06,0.83,0.54,0.67,0.67,1383.33,900.0,1116.67,1116.67
Nepal,0.05,0.07,0.03,0.03,0.06,140.0,60.0,60.0,120.0
North Korea,0.0,-0.0,-0.0,-0.0,-0.0,,,,
Oman,0.08,0.59,0.47,0.47,0.6,737.5,587.5,587.5,750.0
Pakistan,0.95,1.78,0.86,1.07,1.55,187.37,90.53,112.63,163.16
Palestine,0.0,0.0,0.0,0.0,0.0,,,,
Philippines,1.68,5.96,2.24,3.86,3.64,354.76,133.33,229.76,216.67
Qatar,0.04,0.42,0.29,0.28,0.41,1050.0,725.0,700.0,1025.0
Saudi Arabia,9.77,-0.05,0.52,0.43,-0.01,-0.51,5.32,4.4,-0.1
Singapore,11.56,-7.62,-5.96,-6.57,-6.96,-65.92,-51.56,-56.83,-60.21
South Korea,4.78,9.8,6.27,6.09,9.94,205.02,131.17,127.41,207.95
Sri Lanka,0.06,0.72,0.41,0.49,0.6,1200.0,683.33,816.67,1000.0
Syria,0.0,0.02,0.01,0.01,0.02,,,,
Taiwan,4.15,1.58,0.56,0.59,1.24,38.07,13.49,14.22,29.88
Tajikistan,0.0,0.03,0.02,0.02,0.02,,,,
Thailand,5.48,2.02,-0.92,0.45,0.48,36.86,-16.79,8.21,8.76
Timor-Leste,0.0,-0.0,-0.0,-0.0,-0.0,,,,
Turkmenistan,0.0,0.01,0.01,0.01,0.01,,,,
Türkiye,7.03,2.16,0.18,0.9,1.51,30.73,2.56,12.8,21.48
United Arab Emirates,10.04,-1.7,-2.8,-3.24,-1.73,-16.93,-27.89,-32.27,-17.23
Uzbekistan,0.0,0.11,0.08,0.08,0.11,,,,
Vietnam,2.79,4.24,1.36,2.35,2.23,151.97,48.75,84.23,79.93
Yemen,0.0,0.0,0.0,0.0,0.0,,,,
LATIN AMERICA,72.53,46.66,18.75,35.79,32.53,64.33,25.85,49.35,44.85
Argentina,4.75,4.17,2.06,2.87,3.45,87.79,43.37,60.42,72.63
Bolivia,0.08,0.14,0.1,0.12,0.13,175.0,125.0,150.0,162.5
Brazil,28.69,18.36,7.28,12.83,13.36,63.99,25.37,44.72,46.57
Chile,4.12,0.56,0.87,1.19,0.54,13.59,21.12,28.88,13.11
Colombia,4.26,6.33,4.64,6.01,5.85,148.59,108.92,141.08,137.32
Costa Rica,0.4,0.57,0.22,0.35,0.27,142.5,55.0,87.5,67.5
Cuba,0.0,0.04,0.02,0.02,0.04,,,,
Dominican Republic,0.33,0.4,0.11,0.22,0.25,121.21,33.33,66.67,75.76
Ecuador,0.57,0.57,0.23,0.33,0.45,100.0,40.35,57.89,78.95
El Salvador,0.12,0.31,0.1,0.2,0.16,258.33,83.33,166.67,133.33
Guatemala,0.26,0.32,0.09,0.18,0.2,123.08,34.62,69.23,76.92
Honduras,0.1,0.49,0.18,0.33,0.28,490.0,180.0,330.0,280.0
Mexico,26.14,8.69,-2.75,4.87,1.62,33.24,-10.52,18.63,6.2
Nicaragua,0.11,0.22,0.07,0.15,0.12,200.0,63.64,136.36,109.09
Panama,0.35,0.15,0.23,0.26,0.19,42.86,65.71,74.29,54.29
Paraguay,0.05,0.07,0.05,0.06,0.07,140.0,100.0,120.0,140.0
Peru,1.77,1.21,1.45,1.93,1.54,68.36,81.92,109.04,87.01
Uruguay,0.31,0.04,-0.04,-0.02,0.01,12.9,-12.9,-6.45,3.23
Venezuela,0.13,4.03,3.82,3.89,3.98,3100.0,2938.46,2992.31,3061.54
CARIBBEAN/AMERICAN ISL.,3.5,-0.78,0.13,-0.38,-0.47,-22.29,3.71,-10.86,-13.43
Anguilla,0.0,0.0,0.0,0.0,0.0,,,,
Antigua and Barbuda,0.0,0.0,0.0,0.0,0.0,,,,
Aruba,0.01,-0.0,-0.01,-0.01,-0.01,-0.0,-100.0,-100.0,-100.0
Bahamas,0.13,0.0,0.0,0.0,0.0,0.0,0.0,0.0,0.0
Barbados,0.1,-0.07,-0.07,-0.07,-0.07,-70.0,-70.0,-70.0,-70.0
Belize,0.0,-0.0,-0.0,-0.0,-0.0,,,,
Bermuda,0.89,-0.47,-0.42,-0.43,-0.44,-52.81,-47.19,-48.31,-49.44
British Virgin Islands,0.54,-0.5,-0.43,-0.43,-0.44,-92.59,-79.63,-79.63,-81.48
Cayman Islands,0.6,0.15,0.48,0.45,0.37,25.0,80.0,75.0,61.67
Curaçao,0.01,0.0,0.0,0.0,0.0,0.0,0.0,0.0,0.0
Dominica,0.0,0.0,0.0,0.0,0.0,,,,
Falkland Islands (Malvinas),0.0,-0.0,0.0,-0.0,-0.0,,,,
French Guiana,0.0,-0.0,-0.0,-0.0,-0.0,,,,
Grenada,0.0,0.0,0.0,0.0,0.0,,,,
Guadeloupe,0.0,0.0,0.0,0.0,0.0,,,,
Guyana,0.01,0.05,0.05,0.05,0.05,500.0,500.0,500.0,500.0
Haiti,0.0,0.0,0.0,0.0,0.0,,,,
Jamaica,0.05,0.31,0.2,0.25,0.24,620.0,400.0,500.0,480.0
Martinique,0.0,0.0,0.0,0.0,0.0,,,,
Puerto Rico,1.0,-0.51,0.02,-0.51,-0.49,-51.0,2.0,-51.0,-49.0
Saint Kitts and Nevis,0.01,-0.0,-0.0,-0.0,-0.0,-0.0,-0.0,-0.0,-0.0
Saint Lucia,0.0,-0.0,-0.0,-0.0,-0.0,,,,
Saint Martin (French part),0.0,0.0,0.0,0.0,0.0,,,,
Saint Vincent and the Grenadines,0.01,-0.0,-0.0,-0.0,-0.0,-0.0,-0.0,-0.0,-0.0
Sint Maarten (Dutch part),0.0,0.0,0.0,0.0,0.0,,,,
Suriname,0.0,-0.0,-0.0,-0.0,-0.0,,,,
Trinidad and Tobago,0.13,0.17,0.19,0.2,0.21,130.77,146.15,153.85,161.54
Turks and Caicos Islands,0.0,0.0,0.0,0.0,0.0,,,,
U.S. Virgin Islands,0.01,0.1,0.11,0.11,0.1,1000.0,1100.0,1100.0,1000.0
NORTHERN AMERICA,339.81,40.33,80.99,59.88,62.7,11.87,23.83,17.62,18.45
Canada,36.38,1.12,2.68,1.94,2.04,3.08,7.37,5.33,5.61
Greenland,0.01,-0.0,-0.0,-0.0,-0.0,-0.0,-0.0,-0.0,-0.0
United States,303.42,39.21,78.32,57.94,60.66,12.92,25.81,19.1,19.99
EUROPE,220.89,96.96,87.78,77.44,97.16,43.9,39.74,35.06,43.99
Albania,0.01,0.04,0.03,0.03,0.04,400.0,300.0,300.0,400.0
Andorra,0.0,0.0,0.0,0.0,0.0,,,,
Austria,2.08,1.23,1.0,0.66,1.11,59.13,48.08,31.73,53.37
Belarus,0.05,0.18,0.1,0.11,0.16,360.0,200.0,220.0,320.0
Belgium,8.66,3.03,10.62,7.94,5.3,34.99,122.63,91.69,61.2
Bosnia and Herzegovina,0.03,0.04,0.02,0.02,0.03,133.33,66.67,66.67,100.0
Bulgaria,0.24,0.23,0.1,0.14,0.15,95.83,41.67,58.33,62.5
Croatia,0.22,0.24,0.12,0.14,0.18,109.09,54.55,63.64,81.82
Cyprus,0.17,-0.07,-0.09,-0.1,-0.09,-41.18,-52.94,-58.82,-52.94
Czechia,2.11,1.45,0.61,0.77,0.93,68.72,28.91,36.49,44.08
Denmark,5.63,-1.39,-0.57,-1.11,-0.89,-24.69,-10.12,-19.72,-15.81
Estonia,0.04,0.13,0.08,0.08,0.11,325.0,200.0,200.0,275.0
Faroe Islands,0.0,-0.0,-0.0,-0.0,-0.0,,,,
Finland,1.46,1.64,1.76,0.94,1.36,112.33,120.55,64.38,93.15
France,33.11,25.6,22.28,21.45,25.4,77.32,67.29,64.78,76.71
Germany,41.52,20.07,20.24,16.4,20.15,48.34,48.75,39.5,48.53
Gibraltar,0.02,-0.02,-0.02,-0.02,-0.02,-100.0,-100.0,-100.0,-100.0
Greece,1.02,0.4,0.22,0.31,0.38,39.22,21.57,30.39,37.25
Guernsey,0.04,0.32,0.36,0.35,0.34,800.0,900.0,875.0,850.0
Hungary,1.46,1.08,0.38,0.69,0.62,73.97,26.03,47.26,42.47
Iceland,0.02,0.15,0.19,0.18,0.18,750.0,950.0,900.0,900.0
Ireland,13.62,-10.8,-9.78,-9.96,-9.89,-79.3,-71.81,-73.13,-72.61
Isle of Man,0.02,-0.03,-0.03,-0.03,-0.03,-150.0,-150.0,-150.0,-150.0
Italy,18.85,12.1,8.56,8.81,11.94,64.19,45.41,46.74,63.34
Jersey,0.1,-0.86,-0.84,-0.84,-0.84,-860.0,-840.0,-840.0,-840.0
Kosovo,0.0,0.0,0.0,0.0,0.0,,,,
Latvia,0.04,0.15,0.09,0.1,0.12,375.0,225.0,250.0,300.0
Liechtenstein,0.03,-0.01,0.01,-0.01,-0.01,-33.33,33.33,-33.33,-33.33
Lithuania,0.14,0.17,0.08,0.1,0.13,121.43,57.14,71.43,92.86
Luxembourg,3.31,0.99,2.8,2.57,2.33,29.91,84.59,77.64,70.39
Malta,0.36,-1.97,-1.88,-1.89,-1.9,-547.22,-522.22,-525.0,-527.78
Moldova,0.01,0.05,0.02,0.03,0.03,500.0,200.0,300.0,300.0
Monaco,0.07,-0.06,-0.04,-0.06,-0.06,-85.71,-57.14,-85.71,-85.71
Montenegro,0.0,0.01,0.01,0.01,0.01,,,,
Netherlands,15.88,-4.74,-3.11,-3.94,-3.46,-29.85,-19.58,-24.81,-21.79
North Macedonia,0.03,0.09,0.05,0.06,0.06,300.0,166.67,200.0,200.0
Norway,7.88,-0.92,-0.18,-0.67,-0.58,-11.68,-2.28,-8.5,-7.36
Poland,4.19,5.61,2.97,3.83,4.09,133.89,70.88,91.41,97.61
Portugal,1.81,1.21,0.43,0.7,0.81,66.85,23.76,38.67,44.75
Romania,1.26,3.05,1.68,2.13,2.26,242.06,133.33,169.05,179.37
Russia,1.3,15.24,10.02,10.82,14.21,1172.31,770.77,832.31,1093.08
San Marino,0.0,-0.0,-0.0,-0.0,-0.0,,,,
Serbia,0.14,0.27,0.11,0.16,0.17,192.86,78.57,114.29,121.43
Slovakia,0.6,0.7,0.33,0.45,0.5,116.67,55.0,75.0,83.33
Slovenia,0.44,0.3,0.21,0.2,0.23,68.18,47.73,45.45,52.27
Spain,11.34,4.63,4.9,4.16,4.4,40.83,43.21,36.68,38.8
Sweden,3.64,4.4,3.78,3.06,4.21,120.88,103.85,84.07,115.66
Switzerland,12.93,-5.33,-3.85,-4.87,-4.27,-41.22,-29.78,-37.66,-33.02
Ukraine,0.74,2.56,1.53,1.91,2.13,345.95,206.76,258.11,287.84
United Kingdom,24.26,15.78,12.5,11.6,15.13,65.05,51.53,47.82,62.37
OCEANIA,20.05,7.05,9.5,7.72,7.72,35.16,47.38,38.5,38.5
American Samoa,0.0,-0.0,-0.0,-0.0,-0.0,,,,
Australia,17.01,7.27,10.04,8.38,8.14,42.74,59.02,49.27,47.85
Cook Islands,0.0,0.0,0.0,0.0,0.0,,,,
Fiji,0.02,0.01,0.0,0.0,0.0,50.0,0.0,0.0,0.0
French Polynesia,0.03,-0.02,-0.02,-0.02,-0.02,-66.67,-66.67,-66.67,-66.67
Guam,0.02,0.05,0.03,0.04,0.04,250.0,150.0,200.0,200.0
Kiribati,0.0,0.0,0.0,0.0,0.0,,,,
Marshall Islands,0.0,-0.0,-0.0,-0.0,-0.0,,,,
Micronesia,0.06,-0.11,-0.11,-0.11,-0.11,-183.33,-183.33,-183.33,-183.33
Nauru,0.0,-0.0,-0.0,-0.0,-0.0,,,,
New Caledonia,0.06,0.05,0.06,0.06,0.05,83.33,100.0,100.0,83.33
New Zealand,2.63,-0.19,-0.59,-0.73,-0.46,-7.22,-22.43,-27.76,-17.49
Northern Mariana Islands,0.0,0.02,0.02,0.02,0.02,,,,
Palau,0.0,0.0,0.0,0.0,0.0,,,,
Papua New Guinea,0.21,-0.02,0.06,0.09,0.06,-9.52,28.57,42.86,28.57
Samoa,0.01,0.0,0.0,0.0,0.0,0.0,0.0,0.0,0.0
Solomon Islands,0.0,-0.0,-0.0,-0.0,-0.0,,,,
Tonga,0.0,0.0,0.0,0.0,0.0,,,,
Vanuatu,0.0,-0.0,-0.0,-0.0,-0.0,,,,
Wallis and Futuna,0.0,0.0,0.0,0.0,0.0,,,,
