iso_partner,negative_misalignment,positive_misalignment,theoretical_profit,reported_profit,partner_jurisdiction,etr_average_corrected,cit,tax_revenue_current_usd,gvt_health_expenditure,region_tjn,ukt,oecd,oecd_oct,nld_oct,tax_revenue_loss,tax_revenue_gain,tax_revenue_loss_pct_of_gvt_health_expenditure,tax_revenue_loss_pct_of_total_tax_revenues,tax_revenue_loss_caused_pct_of_total,tax_revenue_loss_caused_usd,tax_revenue_loss_suffered_pct_of_total
ABW,68.56981176282079,0.0,66.3510527147167,-10.547449876002217,Aruba,0.2417390792175607,0.25,,,Caribbean/American isl.,0.0,0.0,1.0,1.0,17.142452940705198,0.0,,,0.0,0.0,4.506357680247417e-05
AFG,86.42875850511439,3.0670584565425463,101.6904382318729,-38.117574769747065,Afghanistan,0.071754197414477,0.2,,107697735.61,Asia,0.0,0.0,0.0,0.0,17.28575170102288,0.220074317972495,0.16050246184951222,,2.1596264994102356e-06,0.821534779582948,4.5440276374793926e-05
AGO,168.2778136421116,329.5765528151339,5191.898934676922,3353.053832910628,Angola,0.364139751479386,0.3,,1279772420.6799998,Africa,0.0,0.0,0.0,0.0,50.48334409263348,120.01192403553559,0.03944712612716677,,0.00023206673988411693,88.2795696622983,0.000132709132213055
AIA,1.8185740083003565,0.0,0.0,-3.1305872524554177,Anguilla,0.0,,,,Caribbean/American isl.,1.0,0.0,1.0,0.0,,0.0,,,0.0,0.0,
ALB,44.82451955823128,4.29830015739361,78.65840889214721,27.288394383048278,Albania,0.0846189826481392,0.15,3263109930.245463,526532522.88999987,Europe,0.0,0.0,0.0,0.0,6.723677933734692,0.3637177864349839,0.012769729582571984,0.0020605122344832904,3.026588196428025e-06,1.1513321713360456,1.767500707220782e-05
AND,6.493096905089799,0.0,13.702145452944698,0.8349194957213101,Andorra,-0.0283953210675186,0.0,,205063639.7,Europe,0.0,0.0,0.0,0.0,0.0,-0.0,0.0,,0.0,0.0,0.0
ARE,2543.0216760193903,1039.1686333022024,51112.51223605673,57509.963456228295,United Arab Emirates,0.2022827987126435,0.0,2222218203.2623553,14119521288.48,Asia,0.0,0.0,0.0,0.0,0.0,210.20593947876225,0.0,0.0,0.0007317161213696685,278.34916947485164,0.0
ARG,2939.2589363465954,0.0,19749.247308021022,18735.3742996333,Argentina,0.26137837534356,0.35,55955195677.25844,29899372168.890003,Latin America,0.0,0.0,0.0,0.0,1028.7406277213083,0.0,0.034406763523673674,0.01838507783361061,0.0,0.0,0.0027043231471888516
ARM,78.43842780953915,0.0,223.7900289117823,9.951302277205068,Armenia,0.4476869049163801,0.2,3053499345.3128743,303765192.71,Asia,0.0,0.0,0.0,0.0,15.68768556190783,0.0,0.051644118346648844,0.005137608948889558,0.0,0.0,4.123932704481537e-05
ASM,0.08766236533684796,2.908949139998747,28.64852914622519,25.443693655515485,American Samoa,0.305905358443103,0.44,,,Oceania,0.0,0.0,1.0,0.0,0.0385714407482131,0.889863129364073,,,2.0482960260430764e-06,0.7791840046116595,1.013954705637173e-07
ATG,-0.0,0.0,0.0,0.0,Antigua and Barbuda,0.2601633924412352,,,57773473.28999999,Caribbean/American isl.,0.0,0.0,0.0,0.0,,0.0,,,0.0,0.0,
AUS,73776.37464964618,0.0,240547.2266779939,164523.6529186733,Australia,0.2152110271870161,0.3,359003007084.2678,139063001840.8,Oceania,0.0,1.0,0.0,0.0,22132.912394893854,0.0,0.1591574473577934,0.061651050153177844,0.0,0.0,0.05818235004171472
AUT,5716.05178836234,5692.808290896095,20782.24214321142,18471.16002241013,Austria,0.0999728784392562,0.25,123901095428.70392,45466886382.31,Europe,0.0,1.0,0.0,0.0,1429.012947090585,569.1264312437452,0.031429751645509145,0.01153349727979506,0.004008511678300629,1524.8617105724945,0.0037565472640170143
AZE,967.2414917496386,659.2773066939782,7143.152593057959,5777.408742724199,Azerbaijan,0.1482655724569424,0.2,7358294118.735062,812163822.58,Asia,0.0,0.0,0.0,0.0,193.44829834992774,97.74812728485387,0.2381887655810631,0.02628982957576895,0.00046422093421758474,176.59240751786552,0.000508531204965425
BEL,21723.0393539633,5601.3745114717585,61367.628944383774,37588.05857194116,Belgium,0.138470093925523,0.3399,139006758988.0213,50928949854.00999,Europe,0.0,1.0,0.0,0.0,7383.661076412125,775.6228547155249,0.1449796451247808,0.05311728098810218,0.003944129855852868,1500.3704819604109,0.01940995137342632
BEN,41.27342132011142,0.0,114.14668979108941,49.7042038839311,Benin,0.3621428417758588,0.3,,56216918.779999994,Africa,0.0,0.0,0.0,0.0,12.382026396033424,0.0,0.2202544476777428,,0.0,0.0,3.2549507319514383e-05
BFA,35.141591377161404,4.136761911413001,94.03068767315351,131.75828821645268,Burkina Faso,0.2759987625344705,0.275,3139555735.359306,538923508.9700001,Africa,0.0,0.0,0.0,0.0,9.663937628719387,1.141741168449719,0.01793192812684915,0.0030781226527941854,2.912843290150223e-06,1.1080629317091304,2.5404275400519266e-05
BGD,1033.4453479853578,0.0,2078.1975320468496,1212.5515877025016,Bangladesh,0.2833190058659392,0.25,31812990371.631863,1656626826.4299998,Asia,0.0,0.0,0.0,0.0,258.36133699633945,0.0,0.15595626780540753,0.008121252795736054,0.0,0.0,0.0006791726944093628
BGR,1848.891994303564,629.9305010429846,5985.240007969933,4067.494235906903,Bulgaria,0.0843708006121163,0.1,17375027511.664433,4519443226.1900015,Europe,0.0,0.0,0.0,0.0,184.8891994303564,53.14774070298817,0.040909729401827764,0.010641088154032224,0.0004435567897107425,168.73164390557662,0.0004860312971134854
BHR,276.8129854963489,1007.4019276536335,2770.4137027857655,3064.220168778302,Bahrain,0.0350393590673214,0.0,,1105964584.3100002,Asia,0.0,0.0,0.0,0.0,0.0,35.298717868167394,0.0,,0.0007093480379797776,269.8402173655747,0.0
BHS,671.0344701905437,215.35878301374245,545.3765270385663,31.570304944423285,Bahamas,-0.003290905645247,0.0,1611698646.58551,446201895.5,Caribbean/American isl.,0.0,0.0,0.0,0.0,0.0,-0.7087254347734488,0.0,0.0,0.00015164188790894843,57.68547709191422,0.0
BIH,309.5808579381493,129.7559406927195,1263.9442291083512,409.44327986183737,Bosnia and Herzegovina,0.0625670745796095,0.1,4521049903.704868,1544962123.72,Europe,0.0,0.0,0.0,0.0,30.95808579381493,8.118449618468768,0.020038087224606673,0.0068475434806516255,9.13658386191286e-05,34.7561090363889,8.138170667014085e-05
BLR,140.9217682780956,0.0,481.99462322988336,450.4772335523445,Belarus,0.2102804317151451,0.18,8935661525.480185,3323935084.8900003,Europe,0.0,0.0,0.0,0.0,25.36591829005721,0.0,0.0076312917196746785,0.0028387286400369887,0.0,0.0,6.668118098285729e-05
BLZ,11670.613332816285,0.0,12309.629432235295,1.0359516731911202e-05,Belize,0.0869804655754959,0.25,,85384192.75,Caribbean/American isl.,0.0,0.0,0.0,0.0,2917.6533332040713,0.0,34.170883851379756,,0.0,0.0,0.007669841388430125
BMU,22147.7678034111,29310.215389900328,5934.276341732226,4044.5136232516834,Bermuda,0.0141714040538857,0.0,,,Caribbean/American isl.,1.0,0.0,1.0,0.0,0.0,415.36690519669656,,,0.020638379984060266,7850.962634411225,0.0
BOL,426.05274645182425,238.16532616037028,873.323708390187,625.0959491926759,Bolivia,-0.0283953210675186,0.25,,2376901376.68,Latin America,0.0,0.0,0.0,0.0,106.51318661295606,-6.762780903474001,0.04481178212018674,,0.0001677007976549737,63.79438197993359,0.00027999873658756297
BRA,20266.15718452238,35065.85736851698,120396.48699495006,127277.36484439172,Brazil,0.1387602504725475,0.34,236173995369.32605,74306913856.19,Latin America,0.0,0.0,0.0,0.0,6890.49344273761,4865.747151490042,0.0927301792680172,0.029175495938756252,0.024691135128528788,9392.654822955792,0.018113526782764924
BRB,599.388690950463,6743.641437452544,1880.1104519175012,6881.772176977788,Barbados,0.0179842185463378,0.25,,213177879.35999995,Caribbean/American isl.,0.0,0.0,0.0,0.0,149.84717273761575,121.27912140928615,0.7029208339415192,,0.0047484412042348104,1806.3353080493064,0.00039391384655697786
BRN,65.2213598521981,21.340709215962914,393.53355183949947,323.1711571438801,Brunei Darussalam,0.0386350822315263,0.185,,287987788.25,Asia,0.0,0.0,0.0,0.0,12.06595157265665,0.8245000554378183,0.04189744171437675,,1.5026763197384923e-05,5.716270195137923,3.171861910720106e-05
BTN,0.2176902830973547,0.0,2.8472165039558366,4.804642567207925,Bhutan,0.2700652444507476,,,53773669.88999999,Asia,0.0,0.0,0.0,0.0,,0.0,,,0.0,0.0,
BWA,134.21166508703666,0.0,550.359212339438,387.7213105046485,Botswana,0.1863780148284791,0.22,4168244303.361346,905314655.81,Africa,0.0,0.0,0.0,0.0,29.526566319148067,0.0,0.032614700457632775,0.007083693797730935,0.0,0.0,7.76185703200501e-05
CAF,3.796039757918922,0.0,1.5136977244420402,-1.629162924523478,Central African Republic,0.26929527463635,0.3,206511215.37614736,32657095.409999996,Africa,0.0,0.0,0.0,0.0,1.1388119273756765,0.0,0.03487180697114167,0.005514528231802816,0.0,0.0,2.9936753468349496e-06
CAN,33934.43547452123,115276.84404968229,329448.0328323224,400617.32244509587,Canada,0.0712514012101655,0.267,265385700491.46484,180012553340.75,Northern America,0.0,1.0,0.0,0.0,9060.49427169717,8213.636665625592,0.05033256905448336,0.03414085331243597,0.08117058435812095,30877.773609222982,0.02381796122721083
CHE,16594.327518758233,77082.99412082811,89417.72924488655,145675.84046003915,Switzerland,0.0690681294561447,0.21148581,82102857786.71918,34216018142.750008,Europe,0.0,1.0,0.0,0.0,3509.464796709875,5323.978216804597,0.10256789033920627,0.04274473375611976,0.0542769168295813,20647.262346618314,0.009225577981700966
CHL,23128.453041645702,1280.0777730140712,63191.52041814385,43054.29227415987,Chile,0.2023474872974232,0.24,62044149501.76987,16460101109.63,Latin America,0.0,1.0,0.0,0.0,5550.828729994968,259.02052091467857,0.33722932155911545,0.08946578806494278,0.0009013489371257701,342.87850264439777,0.014591855532970082
CHN,87363.36608258903,64704.35939417038,1859990.360920755,1864169.0302583268,China (People’s Republic of),0.1733499799777347,0.25,1419422418265.6604,516936934734.95,Asia,0.0,0.0,0.0,0.0,21840.841520647256,11216.499405451585,0.042250495279169305,0.015387132991272444,0.04556067357533768,17331.55151299876,0.05741456270585893
CIV,155.1974715805196,0.0,1286.0526446113822,1289.5870881814399,Côte d’Ivoire,0.2413558739819136,0.25,9018827973.061111,739174897.9599999,Africa,0.0,0.0,0.0,0.0,38.7993678951299,0.0,0.0524901048482703,0.0043020410202991004,0.0,0.0,0.00010199463875312294
CMR,47.197480006078116,0.0,499.39496292681883,513.789209415913,Cameroon,0.3098248596681862,0.33,5105035953.266775,219844710.2,Africa,0.0,0.0,0.0,0.0,15.57516840200578,0.0,0.07084622772063305,0.0030509419609550522,0.0,0.0,4.0943545239587106e-05
COD,245.51391185665216,393.07088752226105,1408.6535795320872,3931.1686750322356,Democratic Republic of the Congo,0.4476869049163801,0.28,4647058295.348125,358829479.9099999,Africa,0.0,0.0,0.0,0.0,68.74389531986262,175.9726890475756,0.19157817060377721,0.0147929918134829,0.0002767753914272352,105.2870069209895,0.00018071193295166987
COG,259.37845638127277,92.16183106302982,557.8382047935972,819.8925597318793,Congo,0.4382550095291732,0.3,965017260.6285704,230167419.78,Africa,0.0,0.0,0.0,0.0,77.81353691438183,40.39038415075419,0.33807363782744765,0.0806343472692887,6.489446987008466e-05,24.68624274402603,0.00020455394039245085
COK,0.28257964035892963,0.0,0.27858606043831563,-0.011360936682662618,Cook Islands,0.0054333042010864,,,11972897.159999998,Oceania,0.0,0.0,0.0,0.0,,0.0,,,0.0,0.0,
COL,6734.688533230934,0.0,16009.798175435339,12924.42734895782,Colombia,0.2286612481643971,0.4,46015097668.83051,20849974468.21,Latin America,0.0,1.0,0.0,0.0,2693.8754132923737,0.0,0.12920281592669244,0.05854329447869754,0.0,0.0,0.007081580565109244
CPV,18.86402638926659,11.060299263005323,43.87875862687397,14.387669779880625,Cabo Verde,0.1265359263773637,,,99518225.02,Africa,0.0,0.0,0.0,0.0,,1.3995252132552514,,,7.787955697042792e-06,2.962584719496191,
CRI,4435.207766632247,0.6860607646656106,7747.531369989576,2472.8982780501083,Costa Rica,0.1315692123692484,0.3,9093976902.01361,3424224729.18,Latin America,0.0,0.0,0.0,0.0,1330.562329989674,0.09026447444449867,0.3885733078939314,0.1463124818026597,4.830801331539437e-07,0.18376655908783546,0.0034977431733583665
CUB,1.204088708504492,0.0,0.990210316034982,-1.5980567489497925,Cuba,0.35,,,,Latin America,0.0,0.0,0.0,0.0,,0.0,,,0.0,0.0,
CUW,56.448936743302255,224.73456482641535,4454.344025922892,248.63550934540433,Curaçao,0.0142446461312178,0.22,,,Caribbean/American isl.,0.0,0.0,1.0,1.0,12.418766083526496,3.2012643494055135,,,0.00015824371410242842,60.19685108560556,3.2646087530921095e-05
CYM,9910.327249892604,90053.8432071296,10046.528688477329,85424.72636301517,Cayman Islands,0.006157376817417,0.0,,,Caribbean/American isl.,1.0,0.0,1.0,0.0,0.0,554.4954464828852,,,0.06341015957781555,24121.602270719646,0.0
CYP,195.67190864822248,14558.70516342301,5244.893546755113,15227.327046337581,Cyprus,0.0208729647811588,0.125,6849840506.210245,2268818310.8599997,Europe,0.0,0.0,0.0,0.0,24.45898858102781,303.8833401354033,0.010780496818079976,0.0035707384075370297,0.010251309491985485,3899.6591708032656,6.429707080103807e-05
CZE,8444.235479230838,0.0,22670.91739964341,13426.911476752117,Czechia,0.1577687233462292,0.19,37639760423.716934,23042198358.499996,Europe,0.0,1.0,0.0,0.0,1604.4047410538592,0.0,0.06962897880192985,0.0426252644276375,0.0,0.0,0.004217612060585305
DEU,125868.40237726999,0.0,359502.3874790331,193276.42735031268,Germany,0.150644431457986,0.29818844,479291317766.89465,435550119890.27014,Europe,0.0,1.0,0.0,0.0,37532.50255017043,0.0,0.08617263739848388,0.07830832973366006,0.0,0.0,0.09866434034317874
DJI,1.2800726444741028,0.0,3.4821718441942524,1.5173929474454733,Djibouti,0.25,,,32581438.9,Africa,0.0,0.0,0.0,0.0,,0.0,,,0.0,0.0,
DMA,0.22429309745609818,0.0,0.697322261639305,-0.007538275008587384,Dominica,0.2700000676793708,,,22394719.630000003,Caribbean/American isl.,0.0,0.0,0.0,0.0,,0.0,,,0.0,0.0,
DNK,1944.746312206388,46430.89298201917,43029.68919676421,84778.64488984815,Denmark,0.0977543725867657,0.22,142754709248.33667,36734522350.79,Europe,0.0,1.0,0.0,0.0,427.84418868540536,4538.822812100547,0.011646923964323829,0.0029970583172925377,0.0326936666829253,12436.865476252597,0.0011247042370777468
DOM,1253.8396097911718,0.0,2660.522669114522,1328.55466590327,Dominican Republic,0.1615727904561976,0.27,13549766770.419014,3097703064.92,Latin America,0.0,0.0,0.0,0.0,338.53669464361644,0.0,0.10928636074818854,0.024984687956599236,0.0,0.0,0.0008899353197758159
DZA,80.97324611020447,335.81855409023404,1328.3147533552724,3583.3506091964136,Algeria,0.297668186473218,0.26,,5341937178.2300005,Africa,0.0,0.0,0.0,0.0,21.05304398865316,99.96249998009824,0.003941087902428101,,0.00023646195815402074,89.95153686290935,5.5343623692019344e-05
ECU,652.1022687972023,0.0,2687.997953185738,1968.5058202254543,Ecuador,0.2995952526418243,0.22,13650185827.285427,5604221000.0,Latin America,0.0,0.0,0.0,0.0,143.46249913538452,0.0,0.025599008164628862,0.010509930117479908,0.0,0.0,0.0003771300041145881
EGY,503.2533621275361,101.59511801392891,11362.554435362488,10605.676506682152,Egypt,0.2620677797380383,0.225,,7397124660.05,Africa,0.0,0.0,0.0,0.0,113.23200647869562,26.62480701013433,0.0153075703982972,,7.153678750581304e-05,27.21301992344953,0.00029766097291331067
ESP,35506.77604422312,12786.210643225499,132938.8778777017,88873.36676272353,Spain,0.1211003403601891,0.25,217406592877.6026,109770657500.95998,Europe,0.0,1.0,0.0,0.0,8876.69401105578,1548.4144608116803,0.08086581799856807,0.0408299209953272,0.009003232159871918,3424.8831221576315,0.023334792500402747
EST,386.7903136983533,1070.2323153436198,1040.9439388256085,1529.5391090220942,Estonia,0.0242808123933543,0.2,7976187756.119941,2121767231.5299995,Europe,0.0,1.0,0.0,0.0,77.35806273967067,25.98611006616363,0.036459259804803384,0.009698626098704316,0.0007535891804770988,286.6698113995246,0.0002033566032596242
ETH,640.6930600856394,0.0,956.9169021554321,183.5727601903965,Ethiopia,0.2074915719410766,0.3,5924390671.442303,972017513.4100002,Africa,0.0,0.0,0.0,0.0,192.20791802569184,0.0,0.19774120874776657,0.032443491438234016,0.0,0.0,0.0005052705296000719
FIN,3079.765425364988,1456.7138686013107,10319.203447202579,6502.41644212842,Finland,0.1184866591760236,0.2,61286054660.045334,24914260614.83,Europe,0.0,1.0,0.0,0.0,615.9530850729976,172.60115966595032,0.02472291249559928,0.010050460720464038,0.001025724783946957,390.1918153545308,0.0016191993789872454
FJI,42.662061227699574,0.0,151.79335242668603,87.44094209957964,Fiji,0.1892132162706429,0.2,683389756.4669319,144214953.05,Oceania,0.0,0.0,0.0,0.0,8.532412245539915,0.0,0.05916454615203242,0.012485426017580034,0.0,0.0,2.2429754707055454e-05
FLK,5.92227645744741,0.0,8.55329540711115,1.6436535863165924,Falkland Islands (Malvinas),0.2957650507615457,,,,Caribbean/American isl.,1.0,0.0,1.0,0.0,,0.0,,,0.0,0.0,
FRA,70272.44202743663,0.0,264502.7170416261,180570.81262256386,France,0.1946659941923293,0.34433333,709159262410.2999,275291141343.0899,Europe,0.0,1.0,0.0,0.0,24197.143970539204,0.0,0.0878965587213821,0.034120888287205935,0.0,0.0,0.06360874137957886
FRO,47.35545886296325,0.0,353.29174297893024,10.828097241671594,Faroe Islands,0.0215604710962102,0.18,,,Europe,0.0,0.0,1.0,0.0,8.523982595333385,0.0,,,0.0,0.0,2.240759509017834e-05
FSM,-0.0,10.848281997746986,2.9451695926209913,87.1346330599079,Micronesia,0.202328658477363,,,7690000.0,Oceania,0.0,0.0,0.0,0.0,,2.194918343388275,,,7.638666692326346e-06,2.9057942931806333,
GAB,229.6466585252918,922.694069442919,734.5416310133287,1097.1772700102597,Gabon,0.0226211860898797,0.3,1845387642.546045,321797920.41999996,Africa,0.0,0.0,0.0,0.0,68.89399755758754,20.872434248896653,0.2140908725192176,0.03733307624328504,0.0006497021792874178,247.15057756570883,0.00018110651730557403
GBR,88946.16990766473,9466.5402736112,246908.61472443948,134856.00706241746,United Kingdom,0.1006485546283003,0.2,829679665227.4099,323114760716.75,Europe,0.0,1.0,0.0,0.0,17789.233981532947,952.7935958695616,0.05505546680093457,0.02144108711722738,0.006665732499820506,2535.684333144823,0.0467638158061069
GEO,438.2211466601518,29.258749894302504,1079.739341925711,101.53657825384511,Georgia,-0.0238008172586191,0.15,4048309478.949987,836540849.2700001,Asia,0.0,0.0,0.0,0.0,65.73317199902277,-0.6963821594499348,0.07857736063502964,0.01623719044722639,2.060214127205879e-05,7.837177212587298,0.0001727974319132855
GGY,2854.0543732025712,8.305493993240013,5882.846042778202,-2438.020131068775,Bailiwick of Guernsey,0.0216414879396297,0.0,,,Europe,1.0,0.0,1.0,0.0,0.0,0.17974324808737066,,,5.848197930571413e-06,2.2246893151021627,0.0
GHA,93.38480568923961,238.38481619225186,1290.2866459676302,3188.0969147950264,Ghana,0.2369852329745569,0.25,9737516330.756674,1774815823.1,Africa,0.0,0.0,0.0,0.0,23.346201422309903,56.49368120291773,0.013154154430250697,0.0023975519659534925,0.00016785534850423994,63.85317404324683,6.137180860168164e-05
GIB,1775.4613555110911,90226.12720710403,1826.2080656307733,90243.28053877108,Gibraltar,0.0175105281350684,0.0,,,Europe,1.0,0.0,1.0,0.0,0.0,1579.9071389782555,,,0.06353147095711956,24167.749841739278,0.0
GIN,6.127893142876669,494.20061833949234,126.20046212274472,606.8764253942066,Guinea,0.0352834714092177,0.35,,110786208.90000002,Africa,0.0,0.0,0.0,0.0,2.144762600006834,17.437113387599187,0.01935947281978735,,0.00034798448301961353,132.37536936774697,5.638088929442684e-06
GLP,31.5451604358357,0.0,25.118999315725073,-7.238282972007285,Guadeloupe,-0.0283953210675186,0.15,,,Caribbean/American isl.,0.0,0.0,0.0,0.0,4.731774065375355,-0.0,,,0.0,0.0,1.2438748686932429e-05
GMB,35.50273512754874,2.680901610851246,444.61045113677585,31.87499329525518,Gambia,0.0776150224435085,,,32938674.610000007,Africa,0.0,0.0,0.0,0.0,,0.20807823869505754,,,1.8877195342512777e-06,0.7180997510028045,
GNQ,44.64055186872328,6.4402481353136345,353.54872686715606,19.91784110140795,Equatorial Guinea,0.0974549226353146,0.35,659058728.9763193,83186398.56,Africa,0.0,0.0,0.0,0.0,15.624193154053147,0.6276338837792194,0.18782148794173192,0.023706829857668938,4.534811035678655e-06,1.725069119898264,4.107242006787163e-05
GRC,2648.787172508492,0.0,1695.438195032521,-921.2182964969667,Greece,0.1892201432128315,0.29,55837170041.541245,11670810615.009998,Europe,0.0,1.0,0.0,0.0,768.1482800274626,0.0,0.06581790291751767,0.013756934304800593,0.0,0.0,0.002019285637384518
GRL,26.506344684963917,0.0,32.67949217165472,6.016866021822173,Greenland,0.2249826536250168,0.318,,,Northern America,0.0,0.0,1.0,0.0,8.429017609818526,0.0,,,0.0,0.0,2.2157953925457222e-05
GTM,1364.208271393658,737.5670766338839,2882.3572569964313,1828.367081238751,Guatemala,0.0724606035498841,0.25,9993303132.300983,2027251434.2000003,Latin America,0.0,0.0,0.0,0.0,341.0520678484145,53.44455553141484,0.16823372872985606,0.034128061896375836,0.0005193475854342522,197.5629138849612,0.0008965476589779931
GUM,157.1795593300942,3.594533768126962,300.67301968877445,115.72806295902905,Guam,0.0427194200620336,0.35,,,Oceania,0.0,0.0,1.0,0.0,55.01284576553297,0.15355639796778017,,,2.531040894285031e-06,0.9628230269306842,0.0001446161531755547
GUY,903.1130546012637,357.67006653419133,86.93356555759938,-469.3734789686369,Guyana,-0.0283953210675186,,,255909445.46,Caribbean/American isl.,0.0,0.0,0.0,0.0,,-10.156156375479103,,,0.0002518483963308009,95.80462956184581,
HKG,517.1278453006533,175570.5971558832,56906.05446646274,231153.440212599,Hong Kong (China),0.0657392370165309,0.165,,,Asia,0.0,0.0,0.0,0.0,85.3260944746078,11541.877099564472,,,0.12362559093919406,47027.91090532454,0.00022430273105673043
HND,4242.232190184975,0.0,5245.567323425743,380.10361598762205,Honduras,0.2131262070666331,0.3,,979162133.35,Latin America,0.0,0.0,0.0,0.0,1272.6696570554923,0.0,1.2997537524263905,,0.0,0.0,0.0033455566151047787
HRV,666.086915662156,34.12740424499413,2497.340168979096,1638.6329052364,Croatia,0.14209377448366,0.2,14540320012.528214,4698649456.329999,Europe,0.0,0.0,0.0,0.0,133.2173831324312,4.849291682500898,0.028352271087804037,0.009161929243486291,2.4030336430776238e-05,9.14128306369321,0.00035019794407357323
HUN,5924.4064405506115,1017.015711303331,12826.608350227289,5684.284783842173,Hungary,0.1266559318616409,0.19,39122970890.54056,9709441219.0,Europe,0.0,1.0,0.0,0.0,1125.6372237046162,128.81107263305296,0.11593223526621735,0.028771772646150988,0.0007161174498523144,272.4153419494458,0.002959042072776433
IDN,13550.45126645697,0.0,58668.1564722706,64901.666406083474,Indonesia,0.1922311018951593,0.25,107901309709.22932,26127081788.2,Asia,0.0,0.0,0.0,0.0,3387.6128166142425,0.0,0.12965905814036296,0.03139547449185859,0.0,0.0,0.008905257075319223
IMN,140.4499549507036,4174.158555303675,4531.61774282649,3864.3724967189128,Isle of Man,0.0002789107733725,0.0,,,Europe,1.0,0.0,1.0,0.0,0.0,1.1642177908391853,,,0.0029391756161491053,1118.0799053114204,0.0
IND,84925.71538604607,0.0,227079.30731796182,167753.95636359186,India,0.2490949820512549,0.4792,,35713458920.909996,Asia,0.0,0.0,0.0,0.0,40696.40281299328,0.0,1.1395256590272695,,0.0,0.0,0.10698150842771427
IRL,4365.471846068951,140174.17798865333,28269.822215880667,159107.07933829274,Ireland,0.1003692380563036,0.125,88159799785.0463,26209810708.25,Europe,0.0,1.0,0.0,0.0,545.6839807586189,14069.17543988982,0.020819836771535906,0.0061897143833030575,0.09870169532360308,37546.712607149086,0.001434478021427444
IRN,92.81054384014276,268.3626379411011,695.461941943628,449.97906511174034,Iran,0.1030357782482215,0.25,,19064306191.26,Asia,0.0,0.0,0.0,0.0,23.20263596003569,27.650953253007046,0.0012170721413755357,,0.00018896381420867027,71.88296008474941,6.099440793109181e-05
IRQ,139.24838743358927,133.4091483926356,768.9750869990946,1613.790352466746,Iraq,0.2845327502774671,0.15,,5346926525.730001,Asia,0.0,0.0,0.0,0.0,20.88725811503839,37.95927190433133,0.0039064045511990105,,9.393819394537241e-05,35.73464831923796,5.4907810656729354e-05
ISL,127.26661883022588,29.234949346846125,576.7729593388347,730.1578560266441,Iceland,0.1519810508314741,0.2,5524054247.167544,2081077802.83,Europe,0.0,1.0,0.0,0.0,25.453323766045177,4.443158322738591,0.012230837180345639,0.004607725164736815,2.058538244802085e-05,7.830802056135088,6.691094993096318e-05
ISR,2332.8618250907502,0.0,10012.815184522984,7948.8383996852845,Israel,0.1808681620903079,0.25,120252743637.80008,26328108174.650005,Asia,0.0,1.0,0.0,0.0,583.2154562726876,0.0,0.022151817836810472,0.004849913928195485,0.0,0.0,0.0015331396619282832
ITA,29592.41845933005,0.0,134470.74673730994,108468.83866825636,Italy,0.17968365196855,0.3129275,539764829745.0666,149729039463.16998,Europe,0.0,1.0,0.0,0.0,9260.281527432004,0.0,0.06184693069983813,0.017156141002750546,0.0,0.0,0.024343156097169263
JAM,1256.3269151931345,0.0,693.0023827694857,-761.877827211408,Jamaica,0.2521303203178805,0.25,,749815531.8700001,Caribbean/American isl.,0.0,0.0,0.0,0.0,314.0817287982836,0.0,0.41887866474968916,,0.0,0.0,0.0008256488238242217
JEY,4958.071359638381,49584.755132505445,3160.0700964303333,44369.686639351334,Jersey,0.0012716473625325,0.0,,,Europe,1.0,0.0,1.0,0.0,0.0,63.05432308607039,,,0.034914414794572066,13281.65128107079,0.0
JOR,270.25954208369933,116.19211762303894,2478.2195533992854,812.8241348493805,Jordan,0.0780415463500441,0.2,,1186279369.2200005,Asia,0.0,0.0,0.0,0.0,54.05190841673987,9.06781253298817,0.045564232017522105,,8.181506149842926e-05,31.12293655084924,0.0001420900692965738
JPN,40645.98732315784,0.0,438923.8699498109,406051.7130198928,Japan,0.230761600470132,0.2996999999999999,,458973749105.76,Asia,0.0,1.0,0.0,0.0,12181.6024007504,0.0,0.026540956698469977,,0.0,0.0,0.03202263860733323
KAZ,343.08411940827875,5354.638177009291,4859.297168802127,9404.096256108116,Kazakhstan,0.0431953646877524,0.2,18621414274.037952,5053880591.95,Asia,0.0,0.0,0.0,0.0,68.61682388165575,231.29554882687802,0.01357705680481471,0.003684834184550718,0.003770393902064372,1434.280290651755,0.0001803778912871051
KEN,967.6612659440196,0.0,1715.8644259218215,612.3274235335816,Kenya,0.2671140358747066,0.3,14552042100.22281,2445523763.25,Africa,0.0,0.0,0.0,0.0,290.29837978320586,0.0,0.11870601469740426,0.01994897882949095,0.0,0.0,0.0007631278544700591
KGZ,87.06214486002975,0.0,139.8728419861101,40.55339873046203,Kyrgyzstan,0.0845295770765936,0.1,1525298752.7244475,254133990.03000003,Asia,0.0,0.0,0.0,0.0,8.706214486002976,0.0,0.03425836301934748,0.0057078749133257795,0.0,0.0,2.288664093206889e-05
KHM,3177.6140045565053,0.0,4523.980748694559,995.813133969819,Cambodia,0.2388883406508369,0.2,4412159674.453432,539818540.14,Asia,0.0,0.0,0.0,0.0,635.5228009113011,0.0,1.177289688395068,0.1440389396129523,0.0,0.0,0.001670643673204203
KNA,0.1236221438173241,0.0,0.12681644361530522,0.0,Saint Kitts and Nevis,0.2166468550010825,0.33,,30496673.930000003,Caribbean/American isl.,0.0,0.0,0.0,0.0,0.040795307459716955,0.0,0.0013376969420781995,,0.0,0.0,1.0724150605811002e-07
KOR,6791.731236856969,0.0,26869.723380681724,20375.255146786945,Korea,0.2274927665265539,0.242,304309774965.9112,103084820347.46,Asia,0.0,1.0,0.0,0.0,1643.5989593193865,0.0,0.01594414147281273,0.00540107185023387,0.0,0.0,0.004320644670395046
KWT,507.89885259539227,375.2230115015662,1746.8247480689088,1153.5202090437979,Kuwait,0.0617780280121215,0.15,,7094782581.800001,Asia,0.0,0.0,0.0,0.0,76.18482788930883,23.180537715336342,0.010738148352106396,,0.000264208058082069,100.50631848598186,0.000200272437943873
LAO,2072.3612002325403,384.0087640422182,2286.5892724937917,511.2574816535236,Lao People’s Democratic Republic,0.0927104557633271,0.24,1956333081.8097963,134054017.16,Asia,0.0,0.0,0.0,0.0,497.3666880558097,35.60162753146599,3.710196073141011,0.25423415505282854,0.00027039442338057786,102.85964868141983,0.0013074629414892344
LBN,247.19608624681592,0.0,330.7071323610213,-97.25726102482533,Lebanon,0.2202956805447015,0.15,1315003583.3233972,495658818.33,Asia,0.0,0.0,0.0,0.0,37.07941293702239,0.0,0.07480833905457855,0.028197195359203443,0.0,0.0,9.747327167575266e-05
LBR,2835.2093171001397,75.84078627497047,6285.292012187777,-1007.4565758248184,Liberia,0.0004193935925928,0.25,,38098654.70999999,Africa,0.0,0.0,0.0,0.0,708.8023292750349,0.031807139820922585,18.604392587357978,,5.3402233474274915e-05,20.31452759007465,0.0018632787450862994
LBY,0.17849271134926203,2293.4776060410895,185.37528114143734,2478.3391572437517,Libya,0.08420190803947,0.2,,,Africa,0.0,0.0,0.0,0.0,0.03569854226985241,193.11519047445563,,,0.0016149203166456103,614.3253042791349,9.384327942321226e-08
LCA,235.70308431107551,37.526955365833516,441.8930997547286,43.29175511147123,Saint Lucia,-0.0283953210675186,0.3,,44529979.599999994,Caribbean/American isl.,0.0,0.0,0.0,0.0,70.71092529332265,-1.0655899462992826,1.587939763918568,,2.6424083009359802e-05,10.051878515430406,0.00018588280357260088
LIE,119.9727316791499,38.91376614884356,497.5928033459831,394.85983708581455,Liechtenstein,0.105134782611676,,,,Europe,0.0,0.0,0.0,0.0,,4.091190344660264,,,2.7400586509078733e-05,10.42334626118304,
LKA,1079.9008714889096,9.028874254379248,1553.9991104674177,378.9342740259334,Sri Lanka,0.1226244898367543,0.28,6530443645.740626,1680626578.4900002,Asia,0.0,0.0,0.0,0.0,302.37224401689474,1.1071610992434606,0.17991637636039795,0.046301945230644785,6.3575560674449006e-06,2.418452183273773,0.0007948672741481803
LSO,69.49808125934483,0.0,163.75969406614382,80.57287257279101,Lesotho,0.2572618960295113,0.25,768751431.1558605,107706586.99,Africa,0.0,0.0,0.0,0.0,17.374520314836207,0.0,0.16131344238444156,0.02260095996011695,0.0,0.0,4.567362869957864e-05
LTU,704.1854096395937,787.895337905677,3824.4258759788527,3417.1926443936945,Lithuania,0.0921006734195887,0.15,14214083157.58306,3490888312.85,Europe,0.0,1.0,0.0,0.0,105.62781144593905,72.56569120526724,0.0302581469183995,0.007431208209133612,0.0005547855297225171,211.04371890271912,0.0002776712883527112
LUX,83042.39708973795,36849.23288496946,9996.70114679408,-53539.81841399981,Luxembourg,0.0372306873056,0.2922,22136762558.7214,4212086811.22,Europe,0.0,1.0,0.0,0.0,24264.98842962143,1371.9222669915307,5.76079969790396,1.0961398879016098,0.025946874162623316,9870.345428655563,0.06378708890096622
LVA,593.9736861145396,6.220237522245526,1495.1678249105832,435.7028867530434,Latvia,0.0622894743137186,0.15,8733561889.374249,2491193455.109999,Europe,0.0,1.0,0.0,0.0,89.09605291718094,0.3874553253671413,0.035764405503886036,0.010201571139672154,4.379893626419688e-06,1.6661376149811487,0.00023421308708376244
MAC,3964.7736498829545,0.0,6812.354673446171,5171.728163539711,Macau (China),0.2409302523986848,0.12,5979598382.998415,,Asia,0.0,0.0,0.0,0.0,475.77283798595454,0.0,,0.0795660189049992,0.0,0.0,0.001250697662654874
MAR,3431.245607129791,0.0,7508.267434771459,3445.6167974873015,Morocco,0.2921385572347523,0.31,27928929846.700703,3185318697.95,Africa,0.0,0.0,0.0,0.0,1063.6861382102352,0.0,0.3339339761810333,0.03808545991732263,0.0,0.0,0.0027961868787835346
MCO,109.1344682988014,161.3311433118637,698.0204767194717,737.1012634122794,Monaco,0.1140284576863416,0.0,,284330770.16999996,Europe,0.0,0.0,0.0,0.0,0.0,18.396341448625964,0.0,,0.00011359907781777816,43.213765612405886,0.0
MDA,200.73461095872935,1.7634079486692584,420.534040086075,24.08809448933159,Moldova,0.1272089986872068,0.12,2517676853.5071826,692321484.1199999,Europe,0.0,0.0,0.0,0.0,24.08815331504752,0.22432135942727774,0.03479330609776704,0.009567611221230463,1.2416791493142335e-06,0.4723421418116428,6.332222994556823e-05
MDG,79.94331636867699,0.0,257.18315698471395,159.0595191917892,Madagascar,0.1886243934709594,0.2,1490192968.531738,107287251.03000002,Africa,0.0,0.0,0.0,0.0,15.988663273735398,0.0,0.14902668416086637,0.010729256956224105,0.0,0.0,4.203052841370282e-05
MDV,64.76257077081644,0.0,101.49988343702073,74.00738381070805,Maldives,0.2327396323533398,,1021773572.979577,387814216.5,Asia,0.0,0.0,0.0,0.0,,0.0,,,0.0,0.0,
MEX,44224.757937134185,0.0,154660.1192544932,115899.96348021003,Mexico,0.2572601571618274,0.3,176568582159.01276,38760413218.66999,Latin America,0.0,1.0,0.0,0.0,13267.427381140255,0.0,0.34229323888501895,0.0751403631320547,0.0,0.0,0.03487702342420241
MHL,3510.961146842982,51.06024582284024,5862.477097238491,197.4208741092716,Marshall Islands,0.0019100210989302,,,13669999.999999998,Oceania,0.0,0.0,0.0,0.0,,0.09752614683818746,,,3.595336101605108e-05,13.676872609987797,
MKD,390.4650571427952,0.0,698.1337129735754,147.13863911919262,North Macedonia,0.169133864675105,0.1,2435064205.5281696,642122740.1600002,Europe,0.0,0.0,0.0,0.0,39.046505714279526,0.0,0.060808476747841324,0.01603510315072381,0.0,0.0,0.0001026443073934609
MLI,12.591377141958434,10.565406185529762,29.017873937819726,109.93706893368497,Mali,0.3226462981322852,0.3,,257773406.39000005,Africa,0.0,0.0,0.0,0.0,3.77741314258753,3.4088891940251256,0.014654006382925579,,7.439483628565906e-06,2.8300238697172353,9.929952723479135e-06
MLT,431.00796216659114,7528.789111612774,943.8876883793504,7876.356844921815,Malta,0.0661442552818536,0.0499999999999999,4317491312.914879,1266166777.8600004,Europe,0.0,0.0,0.0,0.0,21.550398108329514,497.9861489617551,0.01702018919241643,0.004991416669181469,0.00530129200479575,2016.6430444588752,5.6651053594121806e-05
MMR,1707.7560081380593,76.4163433281762,2569.330276867876,-142.23298320644668,Myanmar,0.105488531036034,0.25,,660964690.14,Asia,0.0,0.0,0.0,0.0,426.93900203451483,8.061047804834544,0.6459331465105711,,5.380750395791179e-05,20.468694895179038,0.001122324708995968
MNE,176.36818041596965,9.072292233321892,114.17268431917236,-142.94953256187435,Montenegro,0.0755183577065265,0.09,,378372640.17,Europe,0.0,0.0,0.0,0.0,15.873136237437267,0.6851246100941448,0.04195106768371409,,6.388128232665733e-06,2.4300820169616486,4.17268343338071e-05
MNG,1769.5627603674395,278.5108983750634,2040.3957687999653,519.2959947039467,Mongolia,0.1012996126554075,0.25,2584761430.3848567,692711688.7600001,Asia,0.0,0.0,0.0,0.0,442.3906900918599,28.213046125703485,0.6386360982066992,0.171153393458827,0.00019610957046556517,74.60124831332263,0.001162943652732231
MNP,11507.224062438852,0.0,15896.77028173827,4.558393401318153,Northern Mariana Islands,0.0,,,,Oceania,0.0,0.0,1.0,0.0,,0.0,,,0.0,0.0,
MOZ,341.95086835796513,0.0,1326.8177259160982,879.7096052905882,Mozambique,0.3237645792967476,0.32,3677869762.5296154,405532352.9299999,Africa,0.0,0.0,0.0,0.0,109.42427787454885,0.0,0.26982872533831326,0.02975208067163518,0.0,0.0,0.00028765132779487484
MRT,17.84873565874466,0.0,18.800103705522996,1.60911725964723,Mauritania,0.3881123475994984,0.25,,159835984.5,Africa,0.0,0.0,0.0,0.0,4.462183914686165,0.0,0.027917267370328392,,0.0,0.0,1.1730058016886865e-05
MUS,1104.2654903864004,5073.971076669821,2322.163194048391,5070.948945381931,Mauritius,0.0713065762181849,0.15,2097546779.3157024,360988626.33,Africa,0.0,0.0,0.0,0.0,165.63982355796006,361.8075053074223,0.4588505328878129,0.07896835731692141,0.0035727660720134766,1359.101487351899,0.0004354291031902544
MWI,167.23884687774026,0.0,818.2639858784877,98.45592732520974,Malawi,0.2586427308026572,0.3,1434347087.265225,170245866.77,Africa,0.0,0.0,0.0,0.0,50.17165406332207,0.0,0.29470115789127105,0.03497874015903714,0.0,0.0,0.00013188977061859568
MYS,4152.294452246392,1062.3436531403227,57625.98491161446,60639.53979941564,Malaysia,0.1540996220849593,0.24,41923985570.468124,9191303023.13,Asia,0.0,0.0,0.0,0.0,996.5506685391341,163.7067554732788,0.10842321986679201,0.023770418174199524,0.0007480344888464928,284.5567736285733,0.0026197031279365343
NAM,574.5076109629232,0.0,787.2002533369042,110.2882611551264,Namibia,0.2003041036468538,0.32,3480632059.4032207,548087021.07,Africa,0.0,0.0,0.0,0.0,183.84243550813542,0.0,0.335425632136353,0.052818692803644554,0.0,0.0,0.0004832795948590749
NCL,52.368023885188876,0.0,211.79344460299203,140.201460105228,New Caledonia,0.3098788135867251,0.0,,,Oceania,0.0,0.0,1.0,0.0,0.0,0.0,,,0.0,0.0,0.0
NER,43.13799238396816,1.4768980154359002,439.48765709454386,108.14144353902608,Niger,0.3222075754863043,0.3,,316511252.77,Africa,0.0,0.0,0.0,0.0,12.941397715190448,0.4758677287941358,0.040887638597148404,,1.039937169850128e-06,0.395598291577849,3.401996621411508e-05
NGA,128.71002959929785,383.92102542931684,2177.439112758464,5104.823310442698,Nigeria,0.3494516412254456,0.3,,2374705341.3900003,Africa,0.0,0.0,0.0,0.0,38.613008879789355,134.1618324372308,0.016260126343585757,,0.00027033264345817723,102.83614723107833,0.00010150474364711448
NIC,655.673398484173,0.0,1041.0156429782196,304.76499398985385,Nicaragua,0.3176347987716247,0.3,2674251514.228793,860295483.4,Latin America,0.0,0.0,0.0,0.0,196.70201954525191,0.0,0.228644719565259,0.07355404624384304,0.0,0.0,0.0005170844916792047
NLD,43947.37574747616,26069.81488841279,101201.25312206938,68897.68615196321,Netherlands,0.088624946311742,0.25,252343558890.26624,79682413347.08,Europe,0.0,1.0,0.0,0.0,10986.84393686904,2310.4359448426358,0.13788292140465971,0.04353922876092416,0.018356697097714657,6982.996878469622,0.028881892648528293
NOR,2970.9771237689956,7194.875301161533,54211.58814828309,85304.5249801573,Norway,0.2888910768596788,0.25,128372759042.50716,42436786220.549995,Europe,0.0,1.0,0.0,0.0,742.7442809422489,2078.535273623661,0.017502368748710175,0.005785840286382793,0.005066171245349102,1927.2017075702388,0.0019525043507258176
NPL,280.5513844930394,1.1684588061216674,547.092536794952,174.5417927754248,Nepal,0.2469578694795471,,6456420503.445429,651163491.89,Asia,0.0,0.0,0.0,0.0,,0.28856009733442217,,,8.227539960272664e-07,0.31298051906745666,
NRU,0.0002886544539122503,0.0,0.0,-0.0002958217555667976,Nauru,0.25,,,16614696.459999995,Oceania,0.0,0.0,0.0,0.0,,0.0,,,0.0,0.0,
NZL,3943.090981259474,0.0,15320.185363871986,11309.731289266467,New Zealand,0.2085985100862447,0.28,73709302366.547,19388216155.04,Oceania,0.0,1.0,0.0,0.0,1104.0654747526528,0.0,0.05694518082137479,0.01497864501908152,0.0,0.0,0.0029023348927116584
OMN,584.989166448984,0.0,2752.0253511488822,1042.6677386799588,Oman,0.295638821740627,0.12,,3360557808.24,Asia,0.0,0.0,0.0,0.0,70.19869997387808,0.0,0.020889002356023367,,0.0,0.0,0.00018453628069732718
PAK,1107.6769056703306,0.0,4862.7257609460785,2230.58430005621,Pakistan,0.2250875139173077,0.32,,2894025956.3400006,Asia,0.0,0.0,0.0,0.0,354.4566098145058,0.0,0.12247872519525632,,0.0,0.0,0.0009317851251959457
PAN,519.6366977200022,39685.17712790373,8317.108873413144,42258.930484879966,Panama,0.0682966013559708,0.25,5028179101.995856,3421229675.2200003,Latin America,0.0,0.0,0.0,0.0,129.90917443000055,2710.3627220455314,0.03797148591657963,0.02583622655335311,0.02794376480708625,10629.974520027663,0.00034150142220145524
PER,5458.351253422006,1331.7686970331044,20230.130786588124,26248.70069356767,Peru,0.2283027489721978,0.28,36041361207.54259,9013347976.089998,Latin America,0.0,0.0,0.0,0.0,1528.338350958162,304.04645452777976,0.16956389068883557,0.042405122885267654,0.0009377463814106591,356.72430717408594,0.004017650968434662
PHL,22750.362507893293,0.0,36252.93421938391,11006.733135027447,Philippines,0.1891079058540378,0.3,55684559434.17119,9099407769.77,Asia,0.0,0.0,0.0,0.0,6825.108752367988,0.0,0.7500607649480578,0.12256734760443692,0.0,0.0,0.017941645429123815
PNG,584.0063473626926,83.23265077627664,736.4315625474832,-613.0619604632283,Papua New Guinea,0.1240832136525744,0.3,3171882051.7955112,305520002.6,Oceania,0.0,0.0,0.0,0.0,175.20190420880778,10.327774789142847,0.5734547745411932,0.05523594551998899,5.860711192157594e-05,22.294494343180894,0.00046056561995896846
POL,22340.986050862084,0.0,53587.56520237187,24139.45273164183,Poland,0.1982920658157073,0.19,130488563045.32178,31630709144.550003,Europe,0.0,1.0,0.0,0.0,4244.787349663796,0.0,0.13419829856692214,0.03252995703684376,0.0,0.0,0.01115857231187337
PRI,270.763327359633,31649.96153142325,6108.618763604865,37186.858689896384,Puerto Rico,0.0205311149539271,0.39,,,Caribbean/American isl.,0.0,0.0,1.0,0.0,105.59769767025688,649.8089984890214,,,0.022285879645616083,8477.681315483556,0.0002775921261436644
PRK,2.101199429626311,1.2645750497581467,9.309308296575411,23.259305525400737,Democratic People’s Republic of Korea,0.2448932960998882,,,,Asia,0.0,0.0,0.0,0.0,,0.3096859521009527,,,8.904329104406251e-07,0.33872598109534696,
PRT,7119.076661456073,602.4462141369197,18635.015419949406,10535.427039868058,Portugal,0.1193326351176717,0.295,56388673566.757576,17852285806.37,Europe,0.0,1.0,0.0,0.0,2100.1276151295415,71.89149424962375,0.11763914368770526,0.03724378465195207,0.00042420411184015424,161.36977001067152,0.00552075379216376
PRY,125.6895956967925,234.05813526274824,549.3687629459068,579.5901305398828,Paraguay,0.057391396122727,0.1,3912892454.684225,1784247930.7999997,Latin America,0.0,0.0,0.0,0.0,12.56895956967925,13.432923156611201,0.00704440193131889,0.0032121914198363984,0.00016480877638236967,62.69423986768095,3.304091175601228e-05
PSE,0.9217494690833454,0.0,1.24784720480846,-0.2638810633674861,Palestinian Authority or West Bank and Gaza Strip,0.15,,3888830971.4618,,Asia,0.0,0.0,0.0,0.0,,0.0,,,0.0,0.0,
PYF,3.494589566860758,0.0,60.88123206191467,75.28896768301468,French Polynesia,0.4203986896569237,0.27,,,Oceania,0.0,0.0,1.0,0.0,0.9435391830524047,0.0,,,0.0,0.0,2.480348091880288e-06
QAT,636.057563031683,0.0,2024.5528066145514,1405.107708724257,Qatar,0.1726916757758392,0.1,,4420746216.1900015,Asia,0.0,0.0,0.0,0.0,63.605756303168306,0.0,0.014388013514602206,,0.0,0.0,0.00016720494401598562
ROU,9090.14886683996,182.33500113620556,28568.182578343185,8813.270221346182,Romania,0.1314143804644322,0.16,42768188862.70004,13988286300.939997,Europe,0.0,0.0,0.0,0.0,1454.4238186943935,23.961441211296,0.10397441026043754,0.03400714075977293,0.00012838865179884532,48.839807617345045,0.0038233466169507453
RUS,3741.8539556186643,0.0,26019.05045144635,27947.463766511286,Russia,0.2832486159802422,0.2,213953224817.02615,96634989824.36998,Europe,0.0,0.0,0.0,0.0,748.3707911237329,0.0,0.007744304547285256,0.0034978243107284,0.0,0.0,0.0019672951554356353
RWA,96.51726815897129,2.657728138544132,128.00446085180675,20.509915108014628,Rwanda,0.0994621691780241,0.3,,330938177.57,Africa,0.0,0.0,0.0,0.0,28.955180447691387,0.26434340574507154,0.08749422825828788,,1.8714022564468602e-06,0.7118925613669548,7.611652792324142e-05
SAU,3387.956094119651,63721.867273539865,317993.777427552,522653.4633680757,Saudi Arabia,0.4103735660826075,0.2,84561383165.38132,39908691922.66999,Asia,0.0,0.0,0.0,0.0,677.5912188239303,26149.769910485156,0.016978537410769583,0.008013010117144467,0.04486886543107189,17068.383575640935,0.001781231894628619
SDN,11.685258108234448,3.922275339770927,370.97350895713663,133.34037059060185,Sudan,0.1722956519176388,0.35,,266507001.56999993,Africa,0.0,0.0,0.0,0.0,4.089840337882056,0.6757909866663101,0.015346089647884283,,2.761815557731961e-06,1.0506110830227802,1.07512521582237e-05
SEN,125.14470553715138,0.0,573.7601433666924,759.9213714705437,Senegal,0.2368928333740882,0.3,4829934209.157923,310782577.66999996,Africa,0.0,0.0,0.0,0.0,37.54341166114541,0.0,0.12080281958730114,0.007773068956086451,0.0,0.0,9.869301789370014e-05
SGP,5146.519781837622,111004.90267489657,55715.767839507316,157580.42766024845,Singapore,0.0678127391011349,0.17,55622270993.24288,14857494945.81,Asia,0.0,0.0,0.0,0.0,874.9083629123958,7527.546504039633,0.05888666737585739,0.015729461370224917,0.07816255633138607,29733.501836952255,0.002299933407640306
SLB,172.84982680299626,0.0,500.380548398014,3.163973672767538,Solomon Islands,0.267952025901823,0.3,326619069.1433843,52552254.21,Oceania,0.0,0.0,0.0,0.0,51.854948040898876,0.0,0.9867311844261776,0.15876276965976777,0.0,0.0,0.00013631476438711023
SLE,1.491118952359805,0.0,2.1091764090729663,0.7465010204144479,Sierra Leone,0.2336620234636608,0.3,,82256642.42,Africa,0.0,0.0,0.0,0.0,0.44733568570794147,0.0,0.005438292550574318,,0.0,0.0,1.1759429119691662e-06
SLV,1178.247229179011,0.0,2044.2217222145655,685.6882181074675,El Salvador,0.2741118831928967,0.3,5718500000.680502,1840031867.91,Latin America,0.0,0.0,0.0,0.0,353.4741687537033,0.0,0.19210219937940362,0.06181239288478444,0.0,0.0,0.0009292025129904164
SOM,83.8486292562818,0.0,111.11883088366854,-26.40936636719732,Somalia,0.4476869049163801,,,,Africa,0.0,0.0,0.0,0.0,,0.0,,,0.0,0.0,
SRB,1734.0329253328866,235.91512860176033,4453.4273192697665,2296.3468299622286,Serbia,0.1009071065762955,0.15,13007692238.698229,3949126466.580001,Europe,0.0,0.0,0.0,0.0,260.104938799933,23.805513024778286,0.06586391724881567,0.019996240226695546,0.00016611635238099597,63.191649563344875,0.0006837562236196193
SSD,1.302209616524251,1.1419030183325882,0.41775413439064296,8.984310453726039,South Sudan,0.2651664836414011,0.2,,55728793.77,Africa,0.0,0.0,0.0,0.0,0.2604419233048502,0.3027944080307548,0.004673381670160097,,8.0405510787935e-07,0.30586735067595944,6.846420785886315e-07
STP,77.14174227815307,0.0,104.38514703223589,-1.4680966115479668,Sao Tome and Principe,0.4476869049163801,,,17800261.19,Africa,0.0,0.0,0.0,0.0,,0.0,,,0.0,0.0,
SUR,10.845974546317118,0.0,14.002257337808121,0.13520550604041706,Suriname,0.4476869049163801,,,107408266.3,Caribbean/American isl.,0.0,0.0,0.0,0.0,,0.0,,,0.0,0.0,
SVK,2329.496524641726,999.3781161727383,8348.96446699938,6488.457718498342,Slovak Republic,0.0752440640117907,0.22,22867323515.073185,7333259869.38,Europe,0.0,1.0,0.0,0.0,512.4892354211797,75.19727094528433,0.0698855958399997,0.022411421917539594,0.0007036981828674796,267.6909788395496,0.0013472166498415684
SVN,739.704685715727,151.0829789642469,3042.949392607424,2255.4384727504644,Slovenia,0.1312453836784026,0.17,11495080278.837973,4283981635.02,Europe,0.0,1.0,0.0,0.0,125.7497965716736,19.828943541438615,0.029353486379053193,0.010939444833906417,0.00010638297561137489,40.46871736577413,0.0003305673718518606
SWE,22415.372433989047,1544.3385382147815,35330.264988152696,4234.7730279033985,Sweden,0.0918554009807458,0.22,174580580951.58362,61542341879.060005,Europe,0.0,1.0,0.0,0.0,4931.381935477591,141.85583567773756,0.08012990381757816,0.02824702443191668,0.0010874244747681883,413.6627451254882,0.012963471993208594
SWZ,93.8102441649132,30.509335414343703,254.33533399665995,491.06527680887285,Eswatini,0.261708629530235,0.275,1170410983.1727154,177057851.91,Africa,0.0,0.0,0.0,0.0,25.797817145351132,7.984556359166154,0.14570275685070652,0.022041673836158963,2.148272364997156e-05,8.17215599245537,6.781654400842658e-05
SXM,0.0029604498304615628,0.0,0.0,-0.002993900335522337,Sint Maarten,0.3449903563090041,,,,Caribbean/American isl.,0.0,0.0,1.0,1.0,,0.0,,,0.0,0.0,
SYC,1880.037204182092,11.305516050306107,6667.156300914429,93.8824631291615,Seychelles,0.0026130735063486,0.3,,58529970.94,Africa,0.0,0.0,0.0,0.0,564.0111612546276,0.029542144466653753,9.636279536731777,,7.960621682859052e-06,3.028267888617227,0.0014826559752308696
SYR,1.7624904003138118,0.35157413046220753,0.41687971564847015,-2.1883005742671653,Syrian Arab Republic,0.0,0.28,,,Asia,0.0,0.0,0.0,0.0,0.49349731208786735,0.0,,,2.4755602783952423e-07,0.09417178702942978,1.2972912395914869e-06
TCA,29.517636283082776,0.0,18.24498197463538,-12.025552629655795,Turks and Caicos Islands,0.0,,,,Caribbean/American isl.,1.0,0.0,1.0,0.0,,0.0,,,0.0,0.0,
TCD,169.7678602825621,3.3134463828586886,509.49406634800124,55.809088964137246,Chad,0.3700063758076234,0.35,,105852749.42,Africa,0.0,0.0,0.0,0.0,59.418751098896735,1.2259962875544224,0.5613340364276835,,2.3331171264545317e-06,0.8875316471373449,0.00015619826771080982
TGO,4.38693989359413,0.0,62.46491721931139,93.24326943622843,Togo,0.2147470413954311,0.29,1184802952.6613505,46498701.17,Africa,0.0,0.0,0.0,0.0,1.2722125691422976,0.0,0.027360174308763332,0.001073775657196502,0.0,0.0,3.3443550358236232e-06
THA,9649.864288830928,0.0,34637.95837650785,25073.89480851596,Thailand,0.1828626954165013,0.2,72418287247.37209,18356953359.48,Asia,0.0,0.0,0.0,0.0,1929.9728577661856,0.0,0.10513579350407286,0.02665035215723388,0.0,0.0,0.005073455963593229
TJK,0.4541523982953578,13.641011039664251,105.40389095246941,196.20804404739985,Tajikistan,0.162749967758515,0.24,924703602.811926,173462259.48,Asia,0.0,0.0,0.0,0.0,0.10899657559088587,2.220074106898904,0.0006283590212512656,0.0001178719053969713,9.605127954820845e-06,3.653847866464254,2.8652699659355216e-07
TKM,3.955919696874619,11.17252873612511,140.96980528380035,147.26045552538577,Turkmenistan,2.6544943952190673e-05,,,574669833.1899999,Asia,0.0,0.0,0.0,0.0,,0.0002965741491046808,,,7.866980517599218e-06,2.992646231778586,
TLS,3.4057442254000474,722.537385143325,13.30543165118549,732.3927019095876,Timor-Leste,0.1077286728126692,0.1,546926924.8247505,113134966.0,Asia,0.0,0.0,0.0,0.0,0.34057442254000475,77.8379935590268,0.003010337427776349,0.0006227055335575836,0.000508764637479109,193.53709746807584,8.952920390200842e-07
TTO,82.32570940699587,124.53970757945889,410.6504217709247,1323.4966122909382,Trinidad and Tobago,0.3515816288370713,0.25,,812758354.6100001,Caribbean/American isl.,0.0,0.0,0.0,0.0,20.581427351748967,43.78587324567871,0.025322935451859995,,8.769290071523298e-05,33.35890158772925,5.4103851728697133e-05
TUN,1179.1189815069013,0.0,2374.4549431504724,650.5363680898467,Tunisia,0.3659945716999622,0.25,,1926941122.93,Africa,0.0,0.0,0.0,0.0,294.7797453767253,0.0,0.15297807590950135,,0.0,0.0,0.000774908336720881
TUR,3609.3477128568306,130.57668387677367,38442.83047968896,41321.17121938272,Türkiye,0.1885442684717622,0.2,146457750509.0547,29464975225.879997,Asia,0.0,1.0,0.0,0.0,721.8695425713662,24.619485341014837,0.024499241456593043,0.004928858596163792,9.194375350226775e-05,34.97595129905195,0.0018976294516048096
TWN,1875.773305630085,11128.477497585494,23703.110605625276,32041.222905324557,Chinese Taipei,0.1431407115921859,0.17,,,Asia,0.0,0.0,0.0,0.0,318.8814619571145,1592.9381879420157,,,0.007835962451452138,2980.846774723308,0.0008382662213800151
TZA,469.8820546677157,0.0,1002.724142503488,679.2537737788709,Tanzania,0.3079011766498088,0.3,7670233426.119316,642252951.73,Africa,0.0,0.0,0.0,0.0,140.9646164003147,0.0,0.21948457538514438,0.01837813904336865,0.0,0.0,0.00037056364334552293
UGA,79.52479095517378,20.95708533477836,356.6174595795186,531.1390517847383,Uganda,0.1950154217130553,0.3,5049552345.30802,448901245.0100001,Africa,0.0,0.0,0.0,0.0,23.857437286552134,4.086954834438289,0.05314629342589742,0.004724663822669383,1.4756639783908578e-05,5.613513640237766,6.271573042618054e-05
UKR,1488.880752466579,0.0,5624.306136260775,5141.101975454765,Ukraine,0.2220182867635134,0.18,38119966107.59076,8173582250.369999,Europe,0.0,0.0,0.0,0.0,267.9985354439842,0.0,0.032788381793289294,0.007030398051445753,0.0,0.0,0.000704506678636025
URY,736.2042491330194,919.4686702047317,3396.3152653610496,2626.1009258985982,Uruguay,0.1081431136352974,0.25,,4111799444.120001,Latin America,0.0,0.0,0.0,0.0,184.05106228325485,99.43420488604609,0.044761682758251625,,0.0006474310593317129,246.28663001147854,0.00048382802679796755
USA,120580.57611306616,0.0,2517226.5503250663,2407128.695968685,United States,0.1783928117850571,0.27,2666221799678.1235,2242777276178.77,Northern America,0.0,1.0,0.0,0.0,32556.755550527865,0.0,0.01451626779721875,0.012210820403035576,0.0,0.0,0.08558424277233197
UZB,28.554389628934445,19.960783727955338,111.61264769174691,69.91509269253653,Uzbekistan,0.0489219339907063,0.075,,2099987400.69,Asia,0.0,0.0,0.0,0.0,2.1415792221700833,0.9765201439417955,0.001019805748104211,,1.4055107882255321e-05,5.346646727670938,5.629720559283879e-06
VCT,10.36621256858565,78.49941373069036,24.26145987547515,90.90670345849414,Saint Vincent and the Grenadines,0.0810523833751543,,,31673511.19,Caribbean/American isl.,0.0,0.0,0.0,0.0,,6.362564576424767,,,5.527426897238693e-05,21.026661040341583,
VEN,1393.3917991680728,0.0,1113.1298368720786,-917.8481270031673,Venezuela,0.1787658378043398,0.34,,1513554191.49,Latin America,0.0,0.0,0.0,0.0,473.7532117171448,0.0,0.31300710234283996,,0.0,0.0,0.0012453885284375245
VGB,2894.0070434054096,56179.75978912589,770.7903548301407,52767.100836241465,British Virgin Islands,0.0094351674942779,0.0,,,Caribbean/American isl.,1.0,0.0,1.0,0.0,0.0,530.0654433987012,,,0.03955819547954378,15048.173104405341,0.0
VIR,32.49520768275291,0.0,131.92834811257177,88.52357375516476,United States Virgin Islands,0.4476869049163801,0.385,,,Caribbean/American isl.,0.0,0.0,1.0,0.0,12.510654957859872,0.0,,,0.0,0.0,3.288764230491627e-05
VNM,29142.33576366947,8.988963683869377,48967.87304775695,8098.364428571299,Viet Nam,0.1451260321849571,0.22,,7183989959.700001,Asia,0.0,0.0,0.0,0.0,6411.313868007283,1.3045326328946376,0.8924447144237123,,6.329453595026797e-06,2.407761835433511,0.016853873590615128
VUT,252.80727575485162,0.5317995892770635,6.249038945551106,-250.58912427656938,Vanuatu,0.0,,150895593.29931518,11712843.539999995,Oceania,0.0,0.0,0.0,0.0,,0.0,,,3.7445927479090224e-07,0.14244653779815367,
WSM,1948.6609604064186,4.813266243565863,6676.387082802928,2.7329003688637363,Samoa,0.0249654571980484,,211169326.43782425,43449135.91,Oceania,0.0,0.0,0.0,0.0,,0.12016539238655476,,,3.3891943944360232e-06,1.2892697281484213,
XKV,5.037680957649063,3.3932567608361235,54.477731835242814,34.04559751282942,Kosovo,0.0794373824157227,,,,,0.0,0.0,0.0,0.0,,0.2695514349452756,,,2.3893144926443877e-06,0.9089094598556707,
YEM,165.19251705239225,2.0305220989173165,490.72540029372584,16.454046899615097,Yemen,0.4476869049163801,0.2,,,Asia,0.0,0.0,0.0,0.0,33.03850341047845,0.9090381538286052,,,1.429763858300657e-06,0.543890685035335,8.68506473972361e-05
ZAF,4556.616929450403,18883.479714570374,42481.37548020174,55421.64885350583,South Africa,0.1362930356824123,0.28,108987088441.14272,20932576170.69,Africa,0.0,0.0,0.0,0.0,1275.8527402461132,2573.686774546049,0.06095058390531859,0.01170645769599693,0.01329653926408497,5058.082708523505,0.003353924210706491
ZMB,156.27374686338828,0.0,541.9715868481164,343.880703592491,Zambia,0.2587835078346512,0.35,3707869506.75615,623797186.91,Africa,0.0,0.0,0.0,0.0,54.695811402185896,0.0,0.08768204241690061,0.01475127733123403,0.0,0.0,0.00014378274255274993
ZWE,66.1758022619219,164.5710365184352,840.6582743071576,2103.7184467070383,Zimbabwe,0.1784671024931294,0.2575,,328520941.52,Africa,0.0,0.0,0.0,0.0,17.04026908244489,29.370516041736114,0.051869658608681105,,0.00011588040349947336,44.08159548557155,4.4794958877104086e-05
