Country Name,Country Code,Series Name,Series Code,2016 [YR2016],2017 [YR2017],2018 [YR2018],2019 [YR2019],2020 [YR2020],2021 [YR2021],2022 [YR2022],2023 [YR2023],2024 [YR2024]
Afghanistan,AFG,Population total,SP.POP.TOTL,34700612,35688935,36743039,37856121,39068979,40000412,40578842,41454761,42647492
Afghanistan,AFG,GDP (current US$),NY.GDP.MKTP.CD,18116572395.0772,18753456497.8159,18053222687.4126,18799444490.1128,19955929052.1496,14259995441.0759,14497243872.1337,17152234636.8715,..
Albania,ALB,Population total,SP.POP.TOTL,2876101,2873457,2866376,2854191,2837849,2811666,2777689,2745972,2714617
Albania,ALB,GDP (current US$),NY.GDP.MKTP.CD,11988668784.6628,13258268435.6048,15379508329.7568,15585111614.0376,15241455556.3737,18032009220.4405,19017244116.7203,23547180412.3404,27177735527.5667
Algeria,DZA,Population total,SP.POP.TOTL,40850721,41689299,42505035,43294546,44042091,44761099,45477389,46164219,46814308
Algeria,DZA,GDP (current US$),NY.GDP.MKTP.CD,180763839522.151,189880896903.073,194554483655.528,193459662090.677,164873415325.201,186231205262.082,225638456572.143,247626161016.414,263619794506.723
American Samoa,ASM,Population total,SP.POP.TOTL,52245,51586,50908,50209,49761,49225,48342,47521,46765
American Samoa,ASM,GDP (current US$),NY.GDP.MKTP.CD,671000000,612000000,639000000,647000000,721000000,750000000,871000000,..,..
Andorra,AND,Population total,SP.POP.TOTL,72181,73763,75162,76474,77380,78364,79705,80856,81938
Andorra,AND,GDP (current US$),NY.GDP.MKTP.CD,2896610479.73077,3000162081.11976,3218419896.9641,3155149347.80639,2891001149.3611,3324647529.381,3380612573.32922,3785067331.7625,4039844390.22543
Angola,AGO,Population total,SP.POP.TOTL,29183070,30234839,31297155,32375632,33451132,34532429,35635029,36749906,37885849
Angola,AGO,GDP (current US$),NY.GDP.MKTP.CD,52761617225.9253,73690154990.7312,79450688259.3664,70897962732.0277,48501561203.5686,66505129987.7235,104399746853.401,84875162197.0107,80396942241.6233
Antigua and Barbuda,ATG,Population total,SP.POP.TOTL,89969,90468,90926,91364,91846,92349,92840,93316,93772
Antigua and Barbuda,ATG,GDP (current US$),NY.GDP.MKTP.CD,1489603703.7037,1534855555.55556,1661529629.62963,1726448148.14815,1411637037.03704,1602125925.92593,1866566666.66667,2005785185.18518,2224814814.81481
Argentina,ARG,Population total,SP.POP.TOTL,43900313,44288894,44654882,44973465,45191965,45312281,45407904,45538401,45696159
Argentina,ARG,GDP (current US$),NY.GDP.MKTP.CD,557532320662.955,643628393281.364,524819892360.176,447754683615.225,385740508436.965,486564085480.036,632790070063.124,646075277525.125,633266692533.689
Armenia,ARM,Population total,SP.POP.TOTL,2992300,2979400,2969000,2962500,2961500,2962300,2969200,2964300,3033500
Armenia,ARM,GDP (current US$),NY.GDP.MKTP.CD,10546136235.5219,11527458709.0158,12457940694.7395,13619290539.2116,12641698583.2152,13878908628.9378,19513506553.1251,24085749592.3359,25786585949.6346
Aruba,ABW,Population total,SP.POP.TOTL,108727,108735,108908,109203,108587,107700,107310,107359,107624
Aruba,ABW,GDP (current US$),NY.GDP.MKTP.CD,2983635195.53073,3092429050.27933,3276184357.5419,3395798882.68156,2481857122.8401,2929446578.25104,3279343543.60416,3648573136.15155,..
Australia,AUS,Population total,SP.POP.TOTL,24190907,24592588,24963258,25334826,25649248,25685412,26014399,26652777,27204809
Australia,AUS,GDP (current US$),NY.GDP.MKTP.CD,1206836962281.84,1325582658156.54,1427809041019.44,1392723834562.64,1328414058378.38,1556735770437.26,1690858246994.43,1728057316695.61,1752193307380.34
Austria,AUT,Population total,SP.POP.TOTL,8736668,8797566,8840521,8879920,8916864,8955797,9041851,9131761,9178482
Austria,AUT,GDP (current US$),NY.GDP.MKTP.CD,393687359770.273,414926138132.691,452582294972.775,442983642371.842,434397601557.696,480467037338.783,471773629830.381,511685203845.001,521642466921.745
Azerbaijan,AZE,Population total,SP.POP.TOTL,9757812,9854033,9939771,10024283,10093121,10137750,10141756,10153958,10202850
Azerbaijan,AZE,GDP (current US$),NY.GDP.MKTP.CD,37866996882.9157,40866627351.9817,47112470051.7701,48174235294.1176,42693000000,54825411764.7059,78807470588.2353,72428470588.2353,74315882352.9412
Bahamas, BHS,Population total,SP.POP.TOTL,388055,390485,392717,394675,395863,396373,397538,399440,401283
Bahamas, BHS,GDP (current US$),NY.GDP.MKTP.CD,11880900000,12446900000,12819200000,13277000000,10363200000,12037000000,13896800000,15271300000,15832800000
Bahrain,BHR,Population total,SP.POP.TOTL,1423726,1501116,1503091,1483756,1472204,1504365,1524693,1577059,1588670
Bahrain,BHR,GDP (current US$),NY.GDP.MKTP.CD,33884680851.0638,37204813829.7872,39567978723.4043,40446808510.6383,35837632978.7234,40840212765.9574,46458191489.3617,46192260638.2979,47736702127.6596
Bangladesh,BGD,Population total,SP.POP.TOTL,160811932,162186147,163523103,164913055,166298024,167658854,169384897,171466990,173562364
Bangladesh,BGD,GDP (current US$),NY.GDP.MKTP.CD,265224515675.034,293732446624.596,321362752441.78,351231654603.692,373979442362.193,416271647911.014,460131689083.083,437415333018.291,450119424622.389
Barbados,BRB,Population total,SP.POP.TOTL,279598,280171,280711,281207,281698,282147,282318,282336,282467
Barbados,BRB,GDP (current US$),NY.GDP.MKTP.CD,5330761500,5517340450,5629916200,5788288000,5168344450,5275242050,6257303500,6720733200,7165000000
Belarus,BLR,Population total,SP.POP.TOTL,9469379,9458989,9438785,9419758,9379952,9302585,9228071,9178298,9133712
Belarus,BLR,GDP (current US$),NY.GDP.MKTP.CD,47723545321.259,54725405751.1559,60031026576.26,64410170653.4569,61371673344.7424,69673747131.87,73775179924.603,72478760370.4258,75961865471.9129
Belgium,BEL,Population total,SP.POP.TOTL,11331422,11375158,11427054,11488980,11538604,11586195,11680210,11787423,11876844
Belgium,BEL,GDP (current US$),NY.GDP.MKTP.CD,474271566739.729,500908767351.53,542638913427.921,536726344405.489,529694473501.791,598522422241.851,593614574325.878,644655275111.58,664564181486.953
Belize,BLZ,Population total,SP.POP.TOTL,364705,373202,380226,385829,390812,395346,402733,411106,417072
Belize,BLZ,GDP (current US$),NY.GDP.MKTP.CD,2240200000,2266300000,2293250000,2388300000,2042850000,2420550000,2846700000,3066850000,3515783328.91079
Benin,BEN,Population total,SP.POP.TOTL,11697842,12039780,12383347,12726755,13070169,13413417,13759501,14111034,14462724
Benin,BEN,GDP (current US$),NY.GDP.MKTP.CD,11821065853.3838,12701655836.9467,14262408089.9261,14391686313.4641,15686741893.5187,17687623534.6665,17425405083.8797,19673290995.8491,21482643720.2743
Bermuda,BMU,Population total,SP.POP.TOTL,63449,63578,63831,64107,64382,64648,64749,64698,64636
Bermuda,BMU,GDP (current US$),NY.GDP.MKTP.CD,6899911000,7142316000,7225977000,7423465000,6887364000,7290037000,7874381000,8579242000,8980200000
Bhutan,BTN,Population total,SP.POP.TOTL,747866,754335,759759,764824,770006,775442,780914,786385,791524
Bhutan,BTN,GDP (current US$),NY.GDP.MKTP.CD,2357504760.78592,2591358009.20276,2583335721.85904,2735683570.46155,2457604333.90927,2768802960.11204,2898227743.75576,3019253885.46989,..
Bolivia,BOL,Population total,SP.POP.TOTL,11180020,11344587,11508368,11671386,11816299,11937360,12077154,12244159,12413315
Bolivia,BOL,GDP (current US$),NY.GDP.MKTP.CD,33941126193.9219,37508642170.767,40287647930.5355,40895322850.9407,36629843806.0781,40406111693.1983,44008282879.8842,45135398002.8944,49668296743.8495
Bosnia and Herzegovina,BIH,Population total,SP.POP.TOTL,3473003,3428682,3387000,3345533,3299349,3244907,3204802,3185073,3164253
Bosnia and Herzegovina,BIH,GDP (current US$),NY.GDP.MKTP.CD,17116926327.6247,18326373366.1105,20484053868.9246,20482608755.379,20226036564.4129,23672712242.2149,24534663636.1778,27592361387.8597,28343394203.4694
Botswana,BWA,Population total,SP.POP.TOTL,2234776,2266747,2299141,2332083,2365894,2401441,2439892,2480244,2521139
Botswana,BWA,GDP (current US$),NY.GDP.MKTP.CD,15082637184.0496,16105155856.7708,17031943186.1353,16725908148.5481,14960251610.8975,18750182234.5317,20321150598.0672,19411266967.1044,19400774882.4495
Brazil,BRA,Population total,SP.POP.TOTL,203218114,204703445,206107261,207455459,208660842,209550294,210306415,211140729,211998573
Brazil,BRA,GDP (current US$),NY.GDP.MKTP.CD,1795693482853.01,2063514977365.65,1916933898010.99,1873288205059.69,1476107231310.49,1670647398904.9,1951923942083.32,2191131765684.63,2179412080828.59
British Virgin Islands,VGB,Population total,SP.POP.TOTL,33878,32699,34657,36395,37135,37809,38319,38985,39471
British Virgin Islands,VGB,GDP (current US$),NY.GDP.MKTP.CD,..,..,..,..,..,..,..,..,..
Brunei Darussalam,BRN,Population total,SP.POP.TOTL,427564,432772,437810,442680,447404,451721,455370,458949,462721
Brunei Darussalam,BRN,GDP (current US$),NY.GDP.MKTP.CD,11400266055.3232,12128168046.7827,13566908401.1864,13469235348.2211,12005799664.2691,14006496614.3195,16681536442.5498,15095084686.1651,15463134387.2013
Bulgaria,BGR,Population total,SP.POP.TOTL,6894139,6803468,6710798,6616726,6550696,6507301,6465097,6446596,6444366
Bulgaria,BGR,GDP (current US$),NY.GDP.MKTP.CD,53929397039.2106,59167647387.606,66251582035.9412,68634004792.1,70550652466.6251,84414122840.1687,90509236929.2237,102396840296.147,112211952703.831
Burkina Faso,BFA,Population total,SP.POP.TOTL,19334856,19894407,20438288,20961952,21478690,21995243,22509038,23025776,23548781
Burkina Faso,BFA,GDP (current US$),NY.GDP.MKTP.CD,12833363045.3367,14106955615.3442,15890066221.2882,16032813503.3707,17725010532.5268,19697516284.3787,18820218690.5948,20324617844.5265,23250214909.5391
Burundi,BDI,Population total,SP.POP.TOTL,11239451,11506762,11859446,12255336,12617036,12965481,13321097,13689450,14047786
Burundi,BDI,GDP (current US$),NY.GDP.MKTP.CD,2644487776.50077,2723586962.84034,2667182199.51333,2576518879.82353,2649680261.44299,2775798697.46022,3338722827.65691,2629391599.50157,2162378759.3467
Cabo Verde,CPV,Population total,SP.POP.TOTL,512554,512893,513415,514104,514679,516649,519741,522331,524877
Cabo Verde,CPV,GDP (current US$),NY.GDP.MKTP.CD,1849789985.99572,1996741539.95088,2205099506.99994,2252177124.32402,1821565613.68613,2051842618.70539,2247003344.34242,2539203428.73837,2767599017.44874
Cambodia,KHM,Population total,SP.POP.TOTL,15852803,16073372,16274522,16481304,16725474,16974305,17201724,17423880,17638801
Cambodia,KHM,GDP (current US$),NY.GDP.MKTP.CD,26556545153.3573,29355665909.7905,33145892168.8958,36685356407.7206,34818073901.4851,36790163687.4421,39994532959.6074,42335646895.7984,46352647034.7775
Cameroon,CMR,Population total,SP.POP.TOTL,23454161,24128601,24806383,25506095,26210558,26915758,27632771,28372687,29123744
Cameroon,CMR,GDP (current US$),NY.GDP.MKTP.CD,33814337044.3765,36098547033.1655,39955552189.795,39667757527.6578,40773241177.0505,45011937346.8384,44347206072.5513,49279410982.826,51326764684.8595
Canada,CAN,Population total,SP.POP.TOTL,36110803,36545075,37072620,37618495,38028638,38239864,38935934,40083484,41288599
Canada,CAN,GDP (current US$),NY.GDP.MKTP.CD,1527994741907.43,1649265644244.09,1725329192783.02,1743725183672.52,1655684730000.19,2022378748423.23,2190411080134.32,2173339670064.33,2241253230970.34
Cayman Islands,CYM,Population total,SP.POP.TOTL,63100,64535,65941,67327,68684,70108,71591,73038,74457
Cayman Islands,CYM,GDP (current US$),NY.GDP.MKTP.CD,4909322237.28895,5166281305.12522,5530178440.71376,5941896607.58643,5655358021.43209,6060026520.10608,6600843963.37585,7139428557.71423,..
Central African Republic,CAF,Population total,SP.POP.TOTL,4713663,4793511,4878657,4944703,5026628,5112100,5098039,5152421,5330690
Central African Republic,CAF,GDP (current US$),NY.GDP.MKTP.CD,1825018144.65595,2072349972.6818,2220979146.11241,2221301351.43918,2326720900.38047,2516498412.46384,2382618615.01694,2555492085.94725,2751544520.37918
Chad,TCD,Population total,SP.POP.TOTL,15114655,15622759,16156531,16685223,17224679,17828273,18455316,19319064,20299123
Chad,TCD,GDP (current US$),NY.GDP.MKTP.CD,13026289835.7789,13349041408.7152,15327000248.8701,14905517742.8454,14932897821.2387,16871937697.5854,17828508289.6049,19107685020.89,20625711664.6472
Channel Islands,CHI,Population total,SP.POP.TOTL,163883,164319,164949,165639,166235,166741,167215,167691,168126
Channel Islands,CHI,GDP (current US$),NY.GDP.MKTP.CD,9169278152.84904,9170079922.77992,10026153281.7503,10032440898.6469,9439810769.23077,11157003025.7186,11308300382.1028,12507927159.7265,..
Chile,CHL,Population total,SP.POP.TOTL,18267221,18558868,18893191,19197744,19370624,19456334,19553036,19658835,19764771
Chile,CHL,GDP (current US$),NY.GDP.MKTP.CD,249344863928.438,276154259981.097,295857562991.709,278285058719.466,254042159309.311,315325547162.072,301226575540.242,335518054097.637,330267137371.592
China,CHN,Population total,SP.POP.TOTL,1387790000,1396215000,1402760000,1407745000,1411100000,1412360000,1412175000,1410710000,1408975000
China,CHN,GDP (current US$),NY.GDP.MKTP.CD,11456024084962,12537559062282.9,14147765772963.8,14560167101283.4,14996414166715.1,18201698719564,18316765021690.2,18270356654533.2,18743803170827.2
Colombia,COL,Population total,SP.POP.TOTL,47437512,48131078,49024465,49907985,50629997,51188173,51737944,52321152,52886363
Colombia,COL,GDP (current US$),NY.GDP.MKTP.CD,282720100286.228,311866875156.879,334198218098.276,323031701192.84,270348342541.465,318524633225.395,345632492851.448,366291836137.916,418542042920.189
Comoros,COM,Population total,SP.POP.TOTL,741741,756669,771590,786578,802163,818174,834188,850387,866628
Comoros,COM,GDP (current US$),NY.GDP.MKTP.CD,1012835492.51575,1077439756.12221,1188797449.96029,1195019531.03664,1225039195.93742,1299039311.76025,1279542248.45017,1430523435.81695,1546164420.32442
Congo Dem. Rep.,COD,Population total,SP.POP.TOTL,83956415,87083398,90047644,92947442,95989998,99148932,102396968,105789731,109276265
Congo Dem. Rep.,COD,GDP (current US$),NY.GDP.MKTP.CD,37134801555.3322,38019264794.8263,47568210009.8172,51775829877.2088,48716961860.1325,55328482783.5393,65801547755.6552,67006756666.3604,70749355652.1207
Congo Rep.,COG,Population total,SP.POP.TOTL,5222536,5351011,5483118,5616661,5752791,5892183,6035104,6182885,6332961
Congo Rep.,COG,GDP (current US$),NY.GDP.MKTP.CD,10931328150.8478,11834473039.3645,14773900288.5135,13976637779.9763,11468687464.0046,14825690210.9157,15817030156.9459,15321055818.3263,15719985776.3966
Costa Rica,CRI,Population total,SP.POP.TOTL,4866998,4913177,4957818,4999553,5034320,5059988,5081765,5105525,5129910
Costa Rica,CRI,GDP (current US$),NY.GDP.MKTP.CD,58847019609.743,60516044656.5298,62420164991.5444,64417670521.3339,62395610759.9798,64960725734.2362,69243626028.6698,86497941438.9809,95350423176.664
Cote d'Ivoire,CIV,Population total,SP.POP.TOTL,25989405,26733372,27464173,28193009,28915449,29639736,30395002,31165654,31934230
Cote d'Ivoire,CIV,GDP (current US$),NY.GDP.MKTP.CD,48407761036.8238,52512343996.69,58522477786.6889,60382894697.3557,63027852805.4204,72794636649.4342,70922824824.0069,79618056323.7639,86538413923.3943
Croatia,HRV,Population total,SP.POP.TOTL,4106867,4041407,3988775,3949390,3914206,3878981,3855641,3859686,3866300
Croatia,HRV,GDP (current US$),NY.GDP.MKTP.CD,52654855638.1057,56186190437.9959,61668130122.5878,61467582193.6824,57963370885.0798,69006802298.6956,71198635101.9514,84393795502.4421,92526176108.621
Cuba,CUB,Population total,SP.POP.TOTL,11265612,11247829,11227118,11202846,11176354,11122168,11059820,11019931,10979783
Cuba,CUB,GDP (current US$),NY.GDP.MKTP.CD,91370407863.7,96850649691.7406,100050036096.123,103427600000,107351800000,..,..,..,..
Curacao,CUW,Population total,SP.POP.TOTL,159664,160175,159336,157441,154947,152369,149996,155800,155900
Curacao,CUW,GDP (current US$),NY.GDP.MKTP.CD,3024690167.59777,3033433240.22346,3046364804.46927,3026124115.73275,2534327592.49914,2739594359.5908,3075180834.72417,3281419347.37053,..
Cyprus,CYP,Population total,SP.POP.TOTL,1237112,1254275,1270737,1286671,1302247,1317309,1331370,1344976,1358282
Cyprus,CYP,GDP (current US$),NY.GDP.MKTP.CD,21046462280.5979,22946570628.7576,25754001367.5448,26196667099.5303,25555093854.2968,30372642502.4897,30935566076.6788,33886930712.3394,36333022329.4981
Czechia,CZE,Population total,SP.POP.TOTL,10566332,10594438,10629928,10671870,10697858,10505772,10672118,10864042,10882164
Czechia,CZE,GDP (current US$),NY.GDP.MKTP.CD,198160659303.939,221563575696.217,251992360762.236,256794209028.77,251109660602.536,290972714482.313,301831228325.556,343206568134.637,345036675975.047
Denmark,DNK,Population total,SP.POP.TOTL,5728010,5764980,5793636,5814422,5831404,5856733,5903037,5946952,5976992
Denmark,DNK,GDP (current US$),NY.GDP.MKTP.CD,312181849372.233,331610593961.988,355293374912.393,345401473012.615,355631021931.621,408378204639.999,401945576107.963,407091920305.404,429457372071.869
Djibouti,DJI,Population total,SP.POP.TOTL,1037653,1054841,1071882,1088709,1105188,1121248,1137096,1152944,1168722
Djibouti,DJI,GDP (current US$),NY.GDP.MKTP.CD,2604955228.70117,2762581334.22612,2913464658.08768,3088851450.30694,3144136196.6228,3392796953.08939,3562814908.76149,3917150480.80981,4086402718.86834
Dominica,DMA,Population total,SP.POP.TOTL,69606,68496,68174,67880,67573,67202,66826,66510,66205
Dominica,DMA,GDP (current US$),NY.GDP.MKTP.CD,612711111.111111,563355555.555555,628244444.444444,644259259.259259,528944444.444444,562911111.111111,623062962.962963,659311111.111111,688881481.481481
Dominican Republic,DOM,Population total,SP.POP.TOTL,10551430,10666843,10782053,10894043,11008300,11123476,11230734,11331265,11427557
Dominican Republic,DOM,GDP (current US$),NY.GDP.MKTP.CD,75552902635.7075,79070274743.1658,84994732049.3461,89146130744.723,78546672406.8291,94850719516.7127,113478087134.8,120456239153.739,124282245638.568
Ecuador,ECU,Population total,SP.POP.TOTL,16505139,16759519,17049547,17340021,17546065,17682454,17823897,17980083,18135478
Ecuador,ECU,GDP (current US$),NY.GDP.MKTP.CD,97671433000,104467486000,107478961000,107595830000,95865473000,107179074000,116133121000,121147057000,124676074700
Egypt Arab Rep.,EGY,Population total,SP.POP.TOTL,101644589,103696057,105682094,107553158,109315124,110957008,112618250,114535772,116538258
Egypt Arab Rep.,EGY,GDP (current US$),NY.GDP.MKTP.CD,332441717791.411,248362771739.13,262588632526.73,318678815489.749,383817841547.099,424671765455.704,476747720364.742,395926075163.006,389059911003.566
El Salvador,SLV,Population total,SP.POP.TOTL,6200800,6213533,6219807,6222318,6234673,6255782,6280319,6309624,6338193
El Salvador,SLV,GDP (current US$),NY.GDP.MKTP.CD,24191430000,24979190000,26020850000,26881140000,24921190000,29043140000,31870120000,33853940000,35364960000
Equatorial Guinea,GNQ,Population total,SP.POP.TOTL,1508186,1562396,1616422,1670177,1716468,1758786,1803545,1847549,1892516
Equatorial Guinea,GNQ,GDP (current US$),NY.GDP.MKTP.CD,11240808847.8878,12200913878.9827,13097012133.6159,11364133549.7478,9893816007.7398,12215878032.7166,13687643435.6249,12337550583.754,12765777677.0622
Eritrea,ERI,Population total,SP.POP.TOTL,3124698,3150347,3192760,3240194,3291271,3350183,3409447,3470390,3535603
Eritrea,ERI,GDP (current US$),NY.GDP.MKTP.CD,..,..,..,..,..,..,..,..,..
Estonia,EST,Population total,SP.POP.TOTL,1315790,1317384,1321977,1326898,1329522,1330932,1348840,1370286,1371986
Estonia,EST,GDP (current US$),NY.GDP.MKTP.CD,24561027787.7896,27469461919.1189,31222632740.7247,31873748770.0313,31820771493.8974,37204563051.4723,38376046174.971,41291245222.1948,42764929169.3258
Eswatini,SWZ,Population total,SP.POP.TOTL,1149507,1158195,1168929,1179874,1192729,1206593,1218917,1230506,1242822
Eswatini,SWZ,GDP (current US$),NY.GDP.MKTP.CD,3724180911.37828,4463673661.23006,4644696656.36967,4616996144.90635,4120621324.89015,4785708165.93031,4741163884.9523,4604172127.36299,4891883720.15742
Ethiopia,ETH,Population total,SP.POP.TOTL,106718162,109666481,112664152,115737383,118917671,122138588,125384287,128691692,132059767
Ethiopia,ETH,GDP (current US$),NY.GDP.MKTP.CD,74296766562.127,81770885148.0574,84269180856.9147,95912620248.0592,107657732424.155,111261888668.864,126772707851.339,..,..
Faroe Islands,FRO,Population total,SP.POP.TOTL,49464,50180,50996,51793,52567,53305,53927,54439,54719
Faroe Islands,FRO,GDP (current US$),NY.GDP.MKTP.CD,2813278868.78208,2980057377.87967,3188600927.46688,3266432734.22819,3271813311.5831,3664686796.62669,3566698397.6602,3907323961.33964,..
Fiji,FJI,Population total,SP.POP.TOTL,919166,918759,917180,914899,914963,916711,919422,924145,928784
Fiji,FJI,GDP (current US$),NY.GDP.MKTP.CD,4930213644.36653,5353469174.47838,5581425327.44397,5444407198.13478,4432466219.87685,4305031649.74189,4969503549.32096,5442046552.96928,5840564072.77313
Finland,FIN,Population total,SP.POP.TOTL,5495303,5508214,5515525,5521606,5529543,5541017,5556106,5583911,5637214
Finland,FIN,GDP (current US$),NY.GDP.MKTP.CD,238777818792.608,253846138440,273869255596.078,267014821129.411,270000311606.226,294223210496.119,280253099309.34,294950618733.339,299835625550.781
France,FRA,Population total,SP.POP.TOTL,66724104,66918020,67158348,67382061,67601110,67842811,68065015,68287487,68516699
France,FRA,GDP (current US$),NY.GDP.MKTP.CD,2470407619777.13,2588868323334.71,2781576320884.39,2722793515171.76,2647926055110.05,2966433692008.09,2796302210398.84,3051831611384.76,3162079073495.78
French Polynesia,PYF,Population total,SP.POP.TOTL,279178,280087,279815,279034,279209,279792,280378,281118,281807
French Polynesia,PYF,GDP (current US$),NY.GDP.MKTP.CD,5497036476.8031,5833352692.7995,6135116253.33452,6022276196.13871,5574821989.38239,6150640646.38319,5814661208.90544,6402221222.32749,..
Gabon,GAB,Population total,SP.POP.TOTL,2100306,2156900,2212318,2267706,2322539,2376722,2430747,2484789,2538952
Gabon,GAB,GDP (current US$),NY.GDP.MKTP.CD,14023890265.3665,14929487485.1623,16867326401.9626,16874405465.391,15342236163.9943,19444935097.2333,20440655695.229,20055720403.471,20867044935.6729
Gambia The,GMB,Population total,SP.POP.TOTL,2283769,2342189,2399632,2456844,2515733,2576010,2636470,2697845,2759988
Gambia The,GMB,GDP (current US$),NY.GDP.MKTP.CD,1484578885.97132,1504909462.69521,1670671327.81651,1813609692.49994,1812170891.19069,2014158842.14596,2204734527.12734,2396111020.8801,2507519958.34857
Georgia,GEO,Population total,SP.POP.TOTL,3727505,3728004,3726549,3720161,3722716,3708610,3712502,3715483,3673850
Georgia,GEO,GDP (current US$),NY.GDP.MKTP.CD,15444548901.9637,16473125375.0684,17902544880.6471,17638337116.9126,16010869215.68,18853115588.8106,24984568959.605,30777833600.6515,33776141250.5716
Germany,DEU,Population total,SP.POP.TOTL,82348669,82657002,82905782,83092962,83160871,83196078,83797985,83901923,83510950
Germany,DEU,GDP (current US$),NY.GDP.MKTP.CD,3537784107980.55,3763092263752.95,4052008447223.53,3957208055215.68,3940142541354.1,4348297440387.53,4163596357879.39,4525703903627.53,4659929336890.62
Ghana,GHA,Population total,SP.POP.TOTL,29356742,30008354,30637585,31258945,31887809,32518665,33149152,33787914,34427414
Ghana,GHA,GDP (current US$),NY.GDP.MKTP.CD,56144179397.8516,60385409434.8567,67259353965.6087,68352629246.1555,70008243859.8666,79514204730.3979,73919003209.9866,80547146878.3843,82825288888.9734
Gibraltar,GIB,Population total,SP.POP.TOTL,33658,34245,34854,35494,36173,36858,37609,38471,39329
Gibraltar,GIB,GDP (current US$),NY.GDP.MKTP.CD,..,..,..,..,..,..,..,..,..
Greece,GRC,Population total,SP.POP.TOTL,10775971,10754679,10732882,10721582,10698599,10569207,10436882,10405588,10388805
Greece,GRC,GDP (current US$),NY.GDP.MKTP.CD,193097239005.87,200381103984.298,213298873494.394,207305649887.019,191362985554.861,218303801895.326,218880566444.349,243498333237.802,257144811301.673
Greenland,GRL,Population total,SP.POP.TOTL,56186,56172,56023,56225,56367,56653,56661,56865,56836
Greenland,GRL,GDP (current US$),NY.GDP.MKTP.CD,2707139544.46695,2851613679.03433,3055782146.15957,2997309971.87623,3089625554.40473,3293578467.57327,3152334771.77992,3326544174.37945,..
Grenada,GRD,Population total,SP.POP.TOTL,115130,115438,115691,115981,116341,116688,116913,117081,117207
Grenada,GRD,GDP (current US$),NY.GDP.MKTP.CD,1061640740.74074,1125685185.18519,1166514814.81481,1213485185.18519,1043411111.11111,1122800000,1231732103.7037,1323985600,1391435992.59259
Guam,GUM,Population total,SP.POP.TOTL,164233,163490,162679,161808,162158,163730,165180,166506,167777
Guam,GUM,GDP (current US$),NY.GDP.MKTP.CD,5901000000,6013000000,6051000000,6355000000,5916000000,6234000000,6910000000,..,..
Guatemala,GTM,Population total,SP.POP.TOTL,16268760,16567357,16845685,17103803,17357325,17598650,17847877,18124838,18406359
Guatemala,GTM,GDP (current US$),NY.GDP.MKTP.CD,66053403363.7384,71653754107.104,73328365862.4329,77172317258.6478,77719464220.73,86455519686.8841,95641441234.943,104368413483.146,113199586004.477
Guinea,GIN,Population total,SP.POP.TOTL,12073030,12385659,12704774,13034346,13371183,13710513,14055137,14405468,14754785
Guinea,GIN,GDP (current US$),NY.GDP.MKTP.CD,8595955222.49719,10324668271.1362,11857030366.7891,13442861496.4454,14088693742.9464,17069115737.8259,19910452541.9219,22407615556.0571,25334307878.737
Guinea-Bissau,GNB,Population total,SP.POP.TOTL,1831893,1877072,1922168,1967696,2013255,2058841,2105529,2153339,2201352
Guinea-Bissau,GNB,GDP (current US$),NY.GDP.MKTP.CD,1245074264.10396,1469978606.12143,1554133593.91699,1588767975.59018,1683619351.72486,1878659686.58993,1839048747.87671,2077816134.67419,2119865935.24909
Guyana,GUY,Population total,SP.POP.TOTL,763548,768479,791556,807665,807481,815482,821637,826353,831087
Guyana,GUY,GDP (current US$),NY.GDP.MKTP.CD,4482697336.56174,4748174334.14044,4787636997.85343,5173760191.84652,5471256594.72422,8041362110.31175,14718388489.2086,16918503597.1223,24835899825.8993
Haiti,HTI,Population total,SP.POP.TOTL,10671457,10817754,10962362,11105163,11243848,11374586,11503606,11637398,11772557
Haiti,HTI,GDP (current US$),NY.GDP.MKTP.CD,14069277526.2278,15093357161.1498,16403864617.8458,15016090929.5125,14508222518.3018,20877414952.6375,20253551920.5516,19850585722.3241,25224154990.7946
Honduras,HND,Population total,SP.POP.TOTL,9412380,9588137,9765210,9943633,10119640,10289877,10463872,10644851,10825703
Honduras,HND,GDP (current US$),NY.GDP.MKTP.CD,21717604952.1835,23136247990.5977,24067750760.499,24882225741.8119,23352232483.755,28144331506.6149,31426041806.7985,34355805527.9795,37093565854.0437
Hong Kong SAR China,HKG,Population total,SP.POP.TOTL,7336600,7393200,7452600,7507900,7481000,7413100,7346100,7536100,7524100
Hong Kong SAR China,HKG,GDP (current US$),NY.GDP.MKTP.CD,320860317562.562,341273289534.466,361731070995.726,363074545072.389,344943149590.058,368954169748.818,358679533984.718,381066399066.208,407106738445.069
Hungary,HUN,Population total,SP.POP.TOTL,9759755,9726756,9706964,9694824,9670419,9630932,9605074,9592186,9562314
Hungary,HUN,GDP (current US$),NY.GDP.MKTP.CD,128983560865.293,143335098991.862,161184691013.835,164936682033.992,158468487754.196,183282685440.486,177536698164.902,214022571311.24,222904723252.11
Iceland,ISL,Population total,SP.POP.TOTL,335439,343400,352721,360563,366463,372520,382003,393349,404610
Iceland,ISL,GDP (current US$),NY.GDP.MKTP.CD,20793168030.9524,24728285177.4603,26260850582.0687,24681343649.2952,21629953194.0659,25770339317.3897,28696453180.1657,31452223861.9091,33462807982.85
India,IND,Population total,SP.POP.TOTL,1343944296,1359657400,1374659064,1389030312,1402617695,1414203896,1425423212,1438069596,1450935791
India,IND,GDP (current US$),NY.GDP.MKTP.CD,2294796885663.16,2651474262755.45,2702929641648.74,2835606256558.19,2674851578587.27,3167270623260.47,3346107287730.93,3638489096033.86,3912686168582.21
Indonesia,IDN,Population total,SP.POP.TOTL,264627418,267346658,269951846,272489381,274814866,276758053,278830529,281190067,283487931
Indonesia,IDN,GDP (current US$),NY.GDP.MKTP.CD,931877364037.698,1015618744159.73,1042271532988.63,1119099871350.2,1059054842698.48,1186509691086.73,1319101183380.15,1371169301563.62,1396300098190.97
Iran Islamic Rep.,IRN,Population total,SP.POP.TOTL,83812228,85026754,86117998,87051648,87723443,88455488,89524246,90608707,91567738
Iran Islamic Rep.,IRN,GDP (current US$),NY.GDP.MKTP.CD,459042684192.698,489168731811.147,398880231367.268,333519146339.191,262186179355.944,383436202446.695,394362621793.035,404625655076.275,436906331671.859
Iraq,IRQ,Population total,SP.POP.TOTL,38469627,39337353,40265624,41192171,42116605,43071211,44070551,45074049,46042015
Iraq,IRQ,GDP (current US$),NY.GDP.MKTP.CD,166743557747.671,187217660050.676,227367469034.031,233636097800.338,180898797516.874,209691945713.103,287372232137.931,268881051643.549,279641257615.385
Ireland,IRL,Population total,SP.POP.TOTL,4762722,4827445,4898022,4976456,5039747,5110585,5212836,5307600,5380257
Ireland,IRL,GDP (current US$),NY.GDP.MKTP.CD,305733136180.907,348532394023.595,395461216460.418,407124824064.995,436555518400.451,531306516907.984,548570250341.987,551394889339.778,577389475009.922
Isle of Man,IMN,Population total,SP.POP.TOTL,83466,83609,83805,83957,84064,84106,84132,84165,84160
Isle of Man,IMN,GDP (current US$),NY.GDP.MKTP.CD,6846377563.00683,6979788333.50279,7491649455.92717,7314967866.28289,6684225641.02564,7931193222.06405,7431257410.92713,..,..
Israel,ISR,Population total,SP.POP.TOTL,8546000,8713300,8882800,9054000,9215100,9371400,9557500,9849000,9974400
Israel,ISR,GDP (current US$),NY.GDP.MKTP.CD,321940971558.016,358451839052.991,376299083108.497,400645216358.857,410768352657.612,489851549972.347,525181008025.57,512184638998.974,540379921261.681
Italy,ITA,Population total,SP.POP.TOTL,60115223,60002252,60148658,59729081,59438851,59133173,59013667,58993475,58986023
Italy,ITA,GDP (current US$),NY.GDP.MKTP.CD,1887111188176.93,1970720904584.71,2099435266458.67,2019606796583.53,1907481094079.23,2179207773596.09,2104067630319.46,2304605139862.79,2372774547793.12
Jamaica,JAM,Population total,SP.POP.TOTL,2809915,2815764,2820097,2823271,2830739,2837682,2839144,2839786,2839175
Jamaica,JAM,GDP (current US$),NY.GDP.MKTP.CD,14077096676.6213,14808985132.7722,15730792876.2656,15830766531.1474,13812421835.7369,14657586159.4316,17097760686.7775,19423355367.2372,19930288337.028
Japan,JPN,Population total,SP.POP.TOTL,127076000,126972000,126811000,126633000,126261000,125681593,125124989,124516650,123975371
Japan,JPN,GDP (current US$),NY.GDP.MKTP.CD,5003677627544.24,4930837369151.42,5040880939324.86,5117993853016.51,5054068005376.28,5039148168861.22,4262463317796.53,4213167237905.83,4026210821146.81
Jordan,JOR,Population total,SP.POP.TOTL,10006367,10234226,10462306,10671891,10865228,11066356,11256263,11439213,11552876
Jordan,JOR,GDP (current US$),NY.GDP.MKTP.CD,39892551126.7606,41608435915.493,43370860704.2254,44503006338.0282,43700383098.5916,46296100140.8451,48764963380.2817,51088476338.0282,53352289577.4648
Kazakhstan,KAZ,Population total,SP.POP.TOTL,18363600,18651931,18932727,19209555,19482117,19743603,20034609,20330104,20592571
Kazakhstan,KAZ,GDP (current US$),NY.GDP.MKTP.CD,137278320084.171,166805788827.233,179339977690.485,181667184854.501,171082365861.423,197112255360.612,225496328925.494,261840101059.923,288406138230.669
Kenya,KEN,Population total,SP.POP.TOTL,48139687,49197766,50207107,51202827,52217334,53219166,54252461,55339003,56432944
Kenya,KEN,GDP (current US$),NY.GDP.MKTP.CD,74815144163.8931,82036510877.2599,92202979985.2863,100378436207.371,100657505750.545,109703658904.994,114448978152.637,108038588970.595,124498691699.125
Kiribati,KIR,Population total,SP.POP.TOTL,118478,120275,122084,123921,126099,128377,130469,132530,134518
Kiribati,KIR,GDP (current US$),NY.GDP.MKTP.CD,206467818.503227,222875736.343445,233514717.441266,216985388.322754,220897998.732518,285259893.983064,270040456.961045,288610732.190775,307862546.789627
Korea Dem. People's Rep.,PRK,Population total,SP.POP.TOTL,25698326,25817709,25931147,26037632,26136312,26232534,26328845,26418204,26498823
Korea Dem. People's Rep.,PRK,GDP (current US$),NY.GDP.MKTP.CD,..,..,..,..,..,..,..,..,..
Korea Rep.,KOR,Population total,SP.POP.TOTL,51217803,51361911,51585058,51764822,51836239,51769539,51672569,51712619,51751065
Korea Rep.,KOR,GDP (current US$),NY.GDP.MKTP.CD,1499679823909.61,1623074183501.9,1725373496825.43,1651422932447.77,1644312831906.17,1818432106880.04,1673916511799.71,1712792854202.37,..
Kosovo,XKX,Population total,SP.POP.TOTL,1777568,1791019,1797086,1788891,1790151,1786079,1768096,1682668,1527324
Kosovo,XKX,GDP (current US$),NY.GDP.MKTP.CD,6682677289.98994,7180764703.35718,7878759714.82322,7899737577.47286,7717145217.81247,9413403724.01899,9354903061.8898,10468220306.907,11148602232.663
Kuwait,KWT,Population total,SP.POP.TOTL,4004096,4154812,4323515,4442316,4400267,4360865,4589643,4853420,4973861
Kuwait,KWT,GDP (current US$),NY.GDP.MKTP.CD,109406674087.947,120687539675.517,138646316321.596,140856394870.02,111045470461.207,148350671614.185,183502046669.15,165384407267.056,160227273001.348
Kyrgyz Republic,KGZ,Population total,SP.POP.TOTL,6175338,6306696,6444079,6590211,6726596,6851224,6975220,7099750,7224614
Kyrgyz Republic,KGZ,GDP (current US$),NY.GDP.MKTP.CD,6813095379.1187,7702938379.42036,8271106235.41552,9371275264.36735,8270468614.24051,9249133946.26531,12134931017.9465,15180842369.4894,17478259659.2625
Lao PDR,LAO,Population total,SP.POP.TOTL,6908802,7018147,7128045,7237636,7346533,7453194,7559007,7664993,7769819
Lao PDR,LAO,GDP (current US$),NY.GDP.MKTP.CD,15912501722.6143,17071155481.4994,18141641089.7963,18740561512.5555,18981805250.2424,18827148530.9347,15468785203.7532,15843155731.2552,16502933121.0806
Latvia,LVA,Population total,SP.POP.TOTL,1959537,1942248,1927174,1913822,1900449,1884490,1879383,1877445,1862441
Latvia,LVA,GDP (current US$),NY.GDP.MKTP.CD,27117105059.5075,29391059767.4259,33247935477.3576,33099503950.847,33379927434.6149,38183326784.9335,38014713595.7686,42572151720.138,43520773851.1219
Lebanon,LBN,Population total,SP.POP.TOTL,6323060,6160128,5984119,5794594,5702398,5718122,5744489,5773493,5805962
Lebanon,LBN,GDP (current US$),NY.GDP.MKTP.CD,51147308774.1294,53027680685.9038,54901519155.5556,51605959131.2741,31712128253.7961,23131941556.7843,20992421948.8081,20078620356.9931,..
Lesotho,LSO,Population total,SP.POP.TOTL,2130422,2157110,2183603,2209405,2235727,2261542,2286110,2311472,2337423
Lesotho,LSO,GDP (current US$),NY.GDP.MKTP.CD,2114426452.2019,2306741672.29006,2556247291.99785,2390702295.82777,2053699870.07191,2412130021.64641,2354980884.15271,2117962430.3041,2271541845.62002
Liberia,LBR,Population total,SP.POP.TOTL,4755608,4848925,4944726,5043721,5149463,5259323,5373294,5493031,5612817
Liberia,LBR,GDP (current US$),NY.GDP.MKTP.CD,3398419600,3390703400,3422754800,3319596500,3176126300,3513049500,4001047000,4390000000,4750000000
Libya,LBY,Population total,SP.POP.TOTL,6632126,6738770,6849055,6951033,7045399,7135175,7223805,7305659,7381023
Libya,LBY,GDP (current US$),NY.GDP.MKTP.CD,49912073701.298,67157452181.7738,76686029772.1483,69254496471.6938,46854285440.642,35217995647.2862,43246297921.8499,45096462972.4014,46636278901.9016
Liechtenstein,LIE,Population total,SP.POP.TOTL,37716,37962,38246,38563,38901,39182,39493,39850,40197
Liechtenstein,LIE,GDP (current US$),NY.GDP.MKTP.CD,6237302033.50132,6474308717.85289,6692620691.84146,6436467007.11932,6405870210.32293,7912602342.18895,7378156576.2354,8287748667.20832,..
Lithuania,LTU,Population total,SP.POP.TOTL,2877325,2842639,2819200,2811089,2810369,2808380,2831639,2871585,2888055
Lithuania,LTU,GDP (current US$),NY.GDP.MKTP.CD,42970749245.0336,47756764508.446,54261795148.5372,55122066225.796,57412038533.2718,67037321008.9679,71033884499.7824,79789877416.1681,84869215513.3648
Luxembourg,LUX,Population total,SP.POP.TOTL,582014,596336,607950,620001,630419,640064,653103,666430,677717
Luxembourg,LUX,GDP (current US$),NY.GDP.MKTP.CD,62216885435.9488,65712180342.9836,71085623495.1145,69872035113.6469,73670782100.3909,86386759695.1653,80801680397.0139,87574021091.7525,93197329011.7078
Macao SAR China,MAC,Population total,SP.POP.TOTL,652500,648400,658900,672000,685400,682500,677300,678800,687000
Macao SAR China,MAC,GDP (current US$),NY.GDP.MKTP.CD,45070808688.9611,50383871120.8733,55190661339.7796,55082293844.1008,25343525935.8358,30969334705.0515,24999113475.8368,45803067940.4072,50183212761.3484
Madagascar,MDG,Population total,SP.POP.TOTL,26099952,26788375,27494926,28219554,28953556,29691083,30437261,31195932,31964956
Madagascar,MDG,GDP (current US$),NY.GDP.MKTP.CD,11848613858.442,13176313593.5509,13760033282.2925,14104664678.5063,13051441203.9474,14354731964.331,15325603272.6073,15869945477.855,17420814800.7045
Malawi,MWI,Population total,SP.POP.TOTL,17557739,18039715,18528081,19025752,19533888,20047258,20568728,21104482,21655286
Malawi,MWI,GDP (current US$),NY.GDP.MKTP.CD,7909868618.46366,8943543793.5839,9879231591.52434,11051865579.8121,11769313597.8545,12378129750.9872,12429060150.742,12712150082.0792,11008925322.5134
Malaysia,MYS,Population total,SP.POP.TOTL,31789685,32355644,32910967,33440596,33889558,34282399,34695493,35126298,35557673
Malaysia,MYS,GDP (current US$),NY.GDP.MKTP.CD,301256033870.334,319109094160.343,358788845712.53,365177721021.516,337456163961.211,373784823672.946,407605841348.235,399705137434.074,421972102253.57
Maldives,MDV,Population total,SP.POP.TOTL,443308,458287,473099,487731,502118,516154,524106,525994,527799
Maldives,MDV,GDP (current US$),NY.GDP.MKTP.CD,4409942623.85538,4816426256.52914,5404344162.69888,5726094799.37709,3712604583.36665,5252457369.55218,6177118113.94637,6590894301.9579,6975146349.42592
Mali,MLI,Population total,SP.POP.TOTL,19191289,19813011,20442030,21068405,21713836,22388630,23072640,23769127,24478595
Mali,MLI,GDP (current US$),NY.GDP.MKTP.CD,16743796799.8329,18308362040.0521,20368015381.2413,20477421884.5414,20698560938.7775,22999245262.6719,22374051349.9445,24621545564.8753,26588067731.1692
Malta,MLT,Population total,SP.POP.TOTL,454505,467106,483903,503912,515490,518150,531113,552747,574346
Malta,MLT,GDP (current US$),NY.GDP.MKTP.CD,12025782885.2772,14161366732.7153,16153779511.1559,16337793530.7788,16409900599.1964,19723563354.6779,19239187083.5194,22210718401.0207,24322006607.9295
Marshall Islands,MHL,Population total,SP.POP.TOTL,47709,46529,45285,44007,42706,41367,40077,38827,37548
Marshall Islands,MHL,GDP (current US$),NY.GDP.MKTP.CD,201800000,213700000,220000000,232900000,241800000,258900000,253400000,259300000,280357844.229802
Mauritania,MRT,Population total,SP.POP.TOTL,4086657,4210600,4337685,4467708,4600131,4734874,4875637,5022441,5169395
Mauritania,MRT,GDP (current US$),NY.GDP.MKTP.CD,6398747592.13185,6800135898.28827,7473550557.07378,7894764885.82312,8260752385.23089,9222536364.01272,9557966698.25369,10651709314.1644,10766731873.5407
Mauritius,MUS,Population total,SP.POP.TOTL,1263747,1264887,1265577,1265985,1266014,1266334,1262523,1261041,1259509
Mauritius,MUS,GDP (current US$),NY.GDP.MKTP.CD,12594155464.4136,13713506130.6081,14735695930.9727,14436346979.6355,11408106446.3144,11484348857.8529,12907767789.5967,14101195732.6741,14952555414.8553
Mexico,MEX,Population total,SP.POP.TOTL,122251351,123400057,124573711,125762982,126799054,127648148,128613117,129739759,130861007
Mexico,MEX,GDP (current US$),NY.GDP.MKTP.CD,1112233497452.7,1190721475906,1256300182775.8,1304106203902.45,1121064767401.51,1316569466735.28,1466464899303.68,1793798859343.27,1852722885258.11
Micronesia Fed. Sts.,FSM,Population total,SP.POP.TOTL,109075,109481,109909,110282,110916,111624,112114,112630,113160
Micronesia Fed. Sts.,FSM,GDP (current US$),NY.GDP.MKTP.CD,325000000,359000000,392000000,394000000,372902690.041619,391601946.963072,415956896.458884,443916782.295594,471425099.488675
Moldova,MDA,Population total,SP.POP.TOTL,2803186,2755189,2707203,2664224,2635130,2595809,2528654,2457783,2389275
Moldova,MDA,GDP (current US$),NY.GDP.MKTP.CD,7980917075.7748,9514404016.20949,11252353420.8798,11736797054.6965,11530746234.4492,13691869264.0794,14525337523.7271,16711906746.2133,18200340853.6517
Monaco,MCO,Population total,SP.POP.TOTL,37276,37678,38154,38109,38050,38527,38931,38956,38631
Monaco,MCO,GDP (current US$),NY.GDP.MKTP.CD,6471290793.55029,6430254652.58934,7184333936.01355,7383496254.23721,6730736282.78961,8623242743.29564,8800430486.17137,9995350547.12166,..
Mongolia,MNG,Population total,SP.POP.TOTL,3088856,3148917,3208189,3267673,3327204,3383741,3433748,3481145,3524788
Mongolia,MNG,GDP (current US$),NY.GDP.MKTP.CD,11181350649.3573,11480847740.736,13178094720.4986,14206359017.5143,13312981429.0891,15286441737.6686,17146471713.748,20325121393.9074,23586055802.4517
Montenegro,MNE,Population total,SP.POP.TOTL,625353,625982,626438,626753,626590,625053,623591,623529,623831
Montenegro,MNE,GDP (current US$),NY.GDP.MKTP.CD,4376930578.32395,4856599480.79882,5506942238.35668,5542054181.12616,4769996866.00758,5861427505.12493,6229801580.79157,7530593375.22034,8069536125.80285
Morocco,MAR,Population total,SP.POP.TOTL,35023457,35446392,35839760,36210898,36584208,36954442,37329064,37712505,38081173
Morocco,MAR,GDP (current US$),NY.GDP.MKTP.CD,111572947004.917,118540573367.844,127341147581.818,128920266409.458,121353645057.144,142022058447.231,130951926351.241,144417103249.646,154430996472.752
Mozambique,MOZ,Population total,SP.POP.TOTL,27337105,28166393,29018644,29884380,30783688,31707800,32656246,33635160,34631766
Mozambique,MOZ,GDP (current US$),NY.GDP.MKTP.CD,12069051237.1711,13264640645.7768,15017358952.8452,15512759046.672,14235420174.1884,16168055475.4449,18883528581.3734,20954220983.5473,22416650343.4786
Myanmar,MMR,Population total,SP.POP.TOTL,51495696,51894938,52272247,52640713,53016522,53387102,53756787,54133798,54500091
Myanmar,MMR,GDP (current US$),NY.GDP.MKTP.CD,63298361996.2153,66053040483.0016,67860515989.517,75065106227.6892,79006113643.1906,66345291160.1683,62253049891.6449,66757619000,74079772652.4286
Namibia,NAM,Population total,SP.POP.TOTL,2439213,2506853,2577327,2650494,2728762,2810548,2889662,2963095,3030131
Namibia,NAM,GDP (current US$),NY.GDP.MKTP.CD,10722018732.0936,12895153370.9132,13682019076.4022,12541928303.48,10583748541.5258,12402486183.6396,12569449123.3661,12408271447.8691,13372354268.5446
Nauru,NRU,Population total,SP.POP.TOTL,11150,11324,11477,11587,11643,11709,11801,11875,11947
Nauru,NRU,GDP (current US$),NY.GDP.MKTP.CD,97276023.0784346,108862278.516511,130937589.753517,124871111.377973,124530027.301054,175513984.500084,152190818.868952,151455967.735319,160350639.549467
Nepal,NPL,Population total,SP.POP.TOTL,27955462,28011258,28079689,28414064,28966574,29475010,29715436,29694614,29651054
Nepal,NPL,GDP (current US$),NY.GDP.MKTP.CD,24524109483.5293,28971588940.364,33111525237.149,34186180699.0255,33433659301.2466,36924841394.2605,41182939600.6209,41047772331.0994,42914268286.7109
Netherlands,NLD,Population total,SP.POP.TOTL,17030314,17131296,17231624,17344874,17441500,17533044,17700982,17877117,17994237
Netherlands,NLD,GDP (current US$),NY.GDP.MKTP.CD,797163949289.885,848233537845.884,929733599796.862,928903005576.469,932560861701.17,1054472123449.6,1046540797548.64,1154361305398.06,1227543925316.41
New Caledonia,NCL,Population total,SP.POP.TOTL,283423,283546,283541,283606,284176,285214,287123,289870,292639
New Caledonia,NCL,GDP (current US$),NY.GDP.MKTP.CD,8724568954.89799,9174048681.98577,9896402283.68587,9475655324.59495,9454629467.91408,10071349663.8484,9623318718.31459,..,..
New Zealand,NZL,Population total,SP.POP.TOTL,4714100,4813600,4900600,4979200,5090200,5111300,5117100,5245000,5338500
New Zealand,NZL,GDP (current US$),NY.GDP.MKTP.CD,189100085275.23,206745969246.073,211985631173.205,213006341101.869,213029554653.687,253977931814.967,249509991440.438,255194972673.122,260235932558.996
Nicaragua,NIC,Population total,SP.POP.TOTL,6232666,6316231,6400080,6483657,6565267,6644741,6730654,6823613,6916140
Nicaragua,NIC,GDP (current US$),NY.GDP.MKTP.CD,13286093388.4752,13785893007.4769,13025221974.232,12699023614.245,12726422432.4868,14209020361.8508,15634572502.2294,17805842283.8725,19693982967.5926
Niger,NER,Population total,SP.POP.TOTL,20685753,21435446,22188069,22947757,23717613,24502140,25311973,26159867,27032412
Niger,NER,GDP (current US$),NY.GDP.MKTP.CD,10398861981.7583,11185104251.6943,12837307496.8821,12889555561.2299,13744653103.058,14915002436.069,15433852714.4935,16698786973.0228,19537639288.0633
Nigeria,NGA,Population total,SP.POP.TOTL,195443700,200254579,204938755,209485641,213996181,218529286,223150896,227882945,232679478
Nigeria,NGA,GDP (current US$),NY.GDP.MKTP.CD,404649125252.16,375745731053.427,421739251509.08,474517490844.461,432198898467.795,440833635873.827,477403400101.174,363846332834.618,187759703099.801
North Macedonia,MKD,Population total,SP.POP.TOTL,1906313,1898657,1889051,1876262,1856124,1837114,1831712,1827816,1792179
North Macedonia,MKD,GDP (current US$),NY.GDP.MKTP.CD,10672467073.2873,11307067069.6658,12683068114.2388,12606338448.547,12361036913.8409,14000283827.0154,13932436550.0883,15763604287.9867,16685236492.0675
Northern Mariana Islands,MNP,Population total,SP.POP.TOTL,50773,49959,49077,48129,47528,46979,46078,45143,44278
Northern Mariana Islands,MNP,GDP (current US$),NY.GDP.MKTP.CD,1230000000,1560000000,1301000000,1179000000,866000000,914000000,1096000000,..,..
Norway,NOR,Population total,SP.POP.TOTL,5234519,5276968,5311916,5347896,5379475,5408320,5457127,5519594,5572272
Norway,NOR,GDP (current US$),NY.GDP.MKTP.CD,370956547619.048,401745275035.261,439788625883.8,408742840909.091,367633418886.627,503367986030.268,596297651035.798,482949731776.587,483727398216.364
Oman,OMN,Population total,SP.POP.TOTL,4390877,4537396,4597877,4591241,4522497,4500424,4730226,5049269,5281538
Oman,OMN,GDP (current US$),NY.GDP.MKTP.CD,75128738621.5865,80856697009.1027,91505851755.5267,88060858257.4772,75909492847.8544,87323797139.1417,109852795838.752,105895708712.614,106942782834.85
Pakistan,PAK,Population total,SP.POP.TOTL,220138869,223273967,226928892,230800899,235001746,239477801,243700667,247504495,251269164
Pakistan,PAK,GDP (current US$),NY.GDP.MKTP.CD,313630000130.435,339205534861.1,356128166704.921,320909472770.669,300425609817.981,348516647445.148,374890295666.694,337885531778.052,373071855731.539
Palau,PLW,Population total,SP.POP.TOTL,17797,17812,17814,17798,17792,17783,17759,17727,17695
Palau,PLW,GDP (current US$),NY.GDP.MKTP.CD,298323500,285600000,288546300,281941600,258990800,235752900,255591100,281849100,..
Panama,PAN,Population total,SP.POP.TOTL,4029086,4098707,4167860,4234700,4293261,4345405,4400773,4458759,4515577
Panama,PAN,GDP (current US$),NY.GDP.MKTP.CD,59760858700,64327688800,67316471200,69778991200,57059846500,67396392500,76276116700,83318176900,86260400000
Papua New Guinea,PNG,Population total,SP.POP.TOTL,8961718,9178714,9394513,9609010,9815746,10012896,10203169,10389635,10576502
Papua New Guinea,PNG,GDP (current US$),NY.GDP.MKTP.CD,20758876952.6232,22742699138.356,24109780708.0268,24750626029.8777,23848447849.6081,26109413521.3117,31653185952.609,30816367066.9594,32538480023.9998
Paraguay,PRY,Population total,SP.POP.TOTL,6249126,6338660,6427382,6515058,6603739,6684182,6760464,6844146,6929153
Paraguay,PRY,GDP (current US$),NY.GDP.MKTP.CD,36089700222.9461,38997129473.5558,40225448340.6322,37925338329.1494,35432178068.1814,39950899938.7482,41952910858.088,43118053174.5413,44458118399.6669
Peru,PER,Population total,SP.POP.TOTL,30866494,31324637,31897584,32449303,32838579,33155882,33475438,33845617,34217848
Peru,PER,GDP (current US$),NY.GDP.MKTP.CD,191898104390.379,211007984080.911,222597009739.235,228346006003.648,201409694755.934,226328766459.634,246065570308.155,266958720837.988,289221969059.853
Philippines,PHL,Population total,SP.POP.TOTL,106735719,108119693,109465287,110804683,112081264,113100950,113964338,114891199,115843670
Philippines,PHL,GDP (current US$),NY.GDP.MKTP.CD,318627003016.731,328480736802.76,346841896587.313,376823402239.136,361751145451.597,394087359848.11,404353369604.631,437055627244.424,461617509782.355
Poland,POL,Population total,SP.POP.TOTL,37970087,37974826,37974750,37965475,37515748,36981559,36821749,36687353,36554707
Poland,POL,GDP (current US$),NY.GDP.MKTP.CD,473259623976.262,528356723263.073,594616632477.019,602683770144.88,605914186117.953,689170171187.004,695607522884.822,812451128978.58,914696430325.391
Portugal,PRT,Population total,SP.POP.TOTL,10325452,10300300,10283822,10286263,10297081,10361831,10434332,10578174,10701636
Portugal,PRT,GDP (current US$),NY.GDP.MKTP.CD,206305431241.638,220862990767.229,242092894542.888,240115970063.019,229618773422.577,256055879091.139,256898675068.927,289696962620.235,308683317392.68
Puerto Rico (US),PRI,Population total,SP.POP.TOTL,3480432,3410837,3290690,3302691,3281590,3262711,3220137,3203792,3203295
Puerto Rico (US),PRI,GDP (current US$),NY.GDP.MKTP.CD,104336700000,103445526000,100958100000,105126400000,103130900000,106426600000,113843700000,118375000000,125841500000
Qatar,QAT,Population total,SP.POP.TOTL,2477113,2545820,2580734,2638657,2794148,2504910,2657333,2656032,2857822
Qatar,QAT,GDP (current US$),NY.GDP.MKTP.CD,151732181868.132,161099122225.275,183334953818.681,176371267692.308,144411363351.648,179732009560.44,235709325714.286,213002809340.659,217982967032.967
Romania,ROU,Population total,SP.POP.TOTL,19702267,19588715,19473970,19371648,19265250,19122059,19048502,19059479,19069340
Romania,ROU,GDP (current US$),NY.GDP.MKTP.CD,185290759248.844,210147385855.419,243468683030.34,251677082534.495,252033792712.145,286578196368.297,296354358293.475,350775856415.189,382767571329.158
Russian Federation,RUS,Population total,SP.POP.TOTL,145015460,145293260,145398106,145453291,145245148,144746762,144236933,143826130,143533851
Russian Federation,RUS,GDP (current US$),NY.GDP.MKTP.CD,1276786350881.14,1574199360089,1657328773461.31,1693115002708.32,1493075894362.14,1829186719575.1,2291612121334.64,2071505725030.58,2173835806671.66
Rwanda,RWA,Population total,SP.POP.TOTL,11919183,12202060,12487996,12776103,13065837,13355260,13651030,13954471,14256567
Rwanda,RWA,GDP (current US$),NY.GDP.MKTP.CD,8695272060.67925,9252833894.1905,9637904518.99702,10349300276.7623,10174386854.812,11078787095.1791,13316161005.7244,14331722700.3249,14251642231.4932
Samoa,WSM,Population total,SP.POP.TOTL,203499,205415,207582,209780,211944,213779,215261,216663,218019
Samoa,WSM,GDP (current US$),NY.GDP.MKTP.CD,843924796.697421,884844384.463214,878448433.404342,912950466.064906,868898358.266437,843923638.733018,832945205.637185,938189443.830393,1068025243.63929
San Marino,SMR,Population total,SP.POP.TOTL,33101,33825,34522,34663,34770,34252,33755,33860,33977
San Marino,SMR,GDP (current US$),NY.GDP.MKTP.CD,1468343139.74326,1528620346.31168,1655353653.05934,1616232125.12587,1544714493.24409,1855395999.76534,1831700577.08904,..,..
Sao Tome and Principe,STP,Population total,SP.POP.TOTL,203689,206970,210187,213392,217435,221961,226305,230871,235536
Sao Tome and Principe,STP,GDP (current US$),NY.GDP.MKTP.CD,292267272.196925,322002845.229335,383717327.830508,412976082.620705,471229484.607144,524402455.54816,540809499.189348,678976264.835436,764274042.735043
Saudi Arabia,SAU,Population total,SP.POP.TOTL,30954198,30977355,30196281,30063799,31552510,30784383,32175224,33702731,35300280
Saudi Arabia,SAU,GDP (current US$),NY.GDP.MKTP.CD,689279466666.667,741266133333.333,886564800000,888890133333.333,767951200000,982661066666.667,1239075200000,1218584533333.33,1237529866666.67
Senegal,SEN,Population total,SP.POP.TOTL,15034521,15475002,15914498,16352922,16789219,17220867,17651103,18077573,18501984
Senegal,SEN,GDP (current US$),NY.GDP.MKTP.CD,19040312333.1864,20996562943.5979,23116701556.1381,23403995992.1354,24530513037.7518,27520784129.7508,27783332222.6759,30696331295.7826,32267254425.052
Serbia,SRB,Population total,SP.POP.TOTL,7058322,7020858,6982604,6945235,6899126,6834326,6664449,6623183,6587202
Serbia,SRB,GDP (current US$),NY.GDP.MKTP.CD,42225495909.5633,45972834713.8077,52787520248.9242,53864693664.5568,55874017668.998,66159884072.5308,66797564758.339,81342660752.3732,89083506277.2344
Seychelles,SYC,Population total,SP.POP.TOTL,94677,95843,96762,97625,98462,99258,119878,119773,121354
Seychelles,SYC,GDP (current US$),NY.GDP.MKTP.CD,1568513348.14463,1675370641.01416,1784313926.76807,1868690096.73454,1382551751.56908,1487173794.80528,2018346588.73752,2187379754.66167,2167239562.46013
Sierra Leone,SLE,Population total,SP.POP.TOTL,7205328,7379299,7554563,7731991,7912558,8094602,8276807,8460512,8642022
Sierra Leone,SLE,GDP (current US$),NY.GDP.MKTP.CD,6084297211.10217,5749846528.48046,6390514688.52816,6526183564.19893,6693888876.28565,7173379137.26091,7124465159.65304,6411787856.06581,7547843281.27425
Singapore,SGP,Population total,SP.POP.TOTL,5607283,5612253,5638676,5703569,5685807,5453566,5637022,5917648,6036860
Singapore,SGP,GDP (current US$),NY.GDP.MKTP.CD,319646468521.497,343673334902.33,377123710560.614,376161998830.048,349165858544.568,436591382250.464,509017841146.557,505439514078.019,547386645891.847
Sint Maarten (Dutch part),SXM,Population total,SP.POP.TOTL,38249,38996,39712,40385,41008,41571,42139,42749,43350
Sint Maarten (Dutch part),SXM,GDP (current US$),NY.GDP.MKTP.CD,1427017206.70391,1353212122.90503,1259200446.92737,1407880446.92737,1236428100.55866,1353071061.45251,1537088715.0838,1627776949.27374,1735210227.92581
Slovak Republic,SVK,Population total,SP.POP.TOTL,5430798,5439232,5446771,5454147,5458827,5447247,5431752,5426740,5422069
Slovak Republic,SVK,GDP (current US$),NY.GDP.MKTP.CD,90347173228.6356,95978130734.9766,106611673364.837,105843498304.094,107732602896.441,120560912620.599,115884262197.697,133896931490.224,141775733420.114
Slovenia,SVN,Population total,SP.POP.TOTL,2065042,2066388,2073894,2088385,2102419,2108079,2112076,2120461,2126324
Slovenia,SVN,GDP (current US$),NY.GDP.MKTP.CD,44290685824.0682,48153200134.6613,53689067639.9176,53909922735.545,53384760135.1581,61529280461.092,59927702746.2843,69148468417.3208,72485008929.2766
Solomon Islands,SLB,Population total,SP.POP.TOTL,662379,685672,709101,728147,744498,762591,781066,800005,819198
Solomon Islands,SLB,GDP (current US$),NY.GDP.MKTP.CD,1379490304.2254,1469789119.08756,1615478393.28614,1619155017.3924,1536145814.17007,1522794913.0914,1566360686.10632,1660896530.71894,1760767447.17461
Somalia,SOM,Population total,SP.POP.TOTL,14348740,14916629,15452487,16030971,16651191,17271431,17801897,18358615,19009151
Somalia,SOM,GDP (current US$),NY.GDP.MKTP.CD,6613743069.99912,7621501710.0012,7873440830.00128,8655023960.00102,8628393720.00185,9483997390.00062,10202767269.9992,10968517089.9982,12108515109.9996
South Africa,ZAF,Population total,SP.POP.TOTL,57259551,57635162,58613001,59587885,60562381,61502603,62378410,63212384,64007187
South Africa,ZAF,GDP (current US$),NY.GDP.MKTP.CD,323585509674.481,381448814653.456,405260723892.517,389330032224.269,337974655408.055,420886877628.703,406920004594.074,380699271816.395,400260724226.067
South Sudan,SSD,Population total,SP.POP.TOTL,10830102,10259154,10122977,10423384,10698467,10865780,11021177,11483374,11943408
South Sudan,SSD,GDP (current US$),NY.GDP.MKTP.CD,..,..,..,..,..,..,..,..,..
Spain,ESP,Population total,SP.POP.TOTL,46458139,46571232,46782011,47118501,47359424,47443821,47786102,48347910,48807137
Spain,ESP,GDP (current US$),NY.GDP.MKTP.CD,1243015667917.12,1321754088818.83,1431642809327.06,1403496387686.27,1289783836971.21,1461244901852.69,1446498147749.03,1620090734956.89,1722745978335.16
Sri Lanka,LKA,Population total,SP.POP.TOTL,21209000,21453000,21670000,21803000,21919000,22156000,22181000,22037000,21916000
Sri Lanka,LKA,GDP (current US$),NY.GDP.MKTP.CD,88000211171.5956,94369350285.5814,94450015982.8405,88998706296.5783,84335574581.5072,88556698937.7033,74143020262.8076,83716142582.1945,98963185509.6499
St. Kitts and Nevis,KNA,Population total,SP.POP.TOTL,47075,47050,47008,46952,46870,46763,46709,46758,46843
St. Kitts and Nevis,KNA,GDP (current US$),NY.GDP.MKTP.CD,1006818518.51852,1056977777.77778,1076548148.14815,1107855555.55556,883922222.222222,858622222.222222,980188888.888889,1056751851.85185,1066681481.48148
St. Lucia,LCA,Population total,SP.POP.TOTL,175646,176342,177017,177661,178250,178522,178781,179285,179744
St. Lucia,LCA,GDP (current US$),NY.GDP.MKTP.CD,1868544444.44444,1998503703.7037,2060955555.55556,2095344444.44444,1499274074.07407,1867185185.18518,2342714814.81481,2430166666.66667,2549062962.96296
St. Martin (French part),MAF,Population total,SP.POP.TOTL,37175,36837,36012,34267,31786,29961,28870,27515,26129
St. Martin (French part),MAF,GDP (current US$),NY.GDP.MKTP.CD,..,..,..,652205849.387956,..,649206156.194207,..,..,..
St. Vincent and the Grenadines,VCT,Population total,SP.POP.TOTL,106349,105663,104926,104167,103526,102841,102046,101323,100616
St. Vincent and the Grenadines,VCT,GDP (current US$),NY.GDP.MKTP.CD,814303703.703704,844040740.740741,884329629.62963,910481481.481481,864566666.666667,888677777.777778,989188888.888889,1072237037.03704,1157207407.40741
Sudan,SDN,Population total,SP.POP.TOTL,41259892,42714306,44230596,45548175,46789231,48066924,49383346,50042791,50448963
Sudan,SDN,GDP (current US$),NY.GDP.MKTP.CD,42630376000,41283617976.1905,32333780383.2924,32338079165.2893,27034593750,34229513774.9936,51666875363.0963,39898289820.7951,49909807029.6996
Suriname,SUR,Population total,SP.POP.TOTL,587757,593713,599513,605768,612317,617896,623164,628886,634431
Suriname,SUR,GDP (current US$),NY.GDP.MKTP.CD,3317421648.09918,3591679430.99988,3996198866.57453,4016040575.08796,2911807496.20227,3107923197.96954,3791603200.0259,3455146280.83975,4714267822.2233
Sweden,SWE,Population total,SP.POP.TOTL,9923085,10057698,10175214,10278887,10353442,10415811,10486941,10536632,10569709
Sweden,SWE,GDP (current US$),NY.GDP.MKTP.CD,514218206628.325,536083940228.684,551312498430.164,532169294165.94,545147614972.141,637186904843.636,579895717343.956,585489968189.064,610117791237.089
Switzerland,CHE,Population total,SP.POP.TOTL,8373338,8451840,8514329,8575280,8638167,8704546,8777088,8888093,9034102
Switzerland,CHE,GDP (current US$),NY.GDP.MKTP.CD,687895460902.713,695200834102.045,725568717468.001,721369112726.724,741999406005.627,815309330986.719,828508926958.393,894424821645.205,936564198048.516
Syrian Arab Republic,SYR,Population total,SP.POP.TOTL,19193834,19224668,19577845,20353534,21049429,21628839,22462173,23594623,24672760
Syrian Arab Republic,SYR,GDP (current US$),NY.GDP.MKTP.CD,12597854877.4254,16369843352.3453,21497782867.6426,22583045060.0821,12047752036.091,14353205678.4991,23622827079.5047,19993439949.5435,..
Tajikistan,TJK,Population total,SP.POP.TOTL,8865631,9085946,9307333,9529966,9749310,9966908,10182222,10389799,10590927
Tajikistan,TJK,GDP (current US$),NY.GDP.MKTP.CD,6992416096.89018,7536402852.85802,7764999999.45362,8300813599.3084,8133963550.65742,8937805347.13963,10713525200.3998,12244169292.7998,14204575548.5536
Tanzania,TZA,Population total,SP.POP.TOTL,53824013,55652890,57437145,59174891,60972798,62830412,64711821,66617606,68560157
Tanzania,TZA,GDP (current US$),NY.GDP.MKTP.CD,49774409374.4538,53274884532.7886,57003712892.0858,61026731925.9213,66068737786.0639,70655628147.8986,75769974505.0106,79062403836.8432,78779864877.3018
Thailand,THA,Population total,SP.POP.TOTL,70859841,71160187,71376079,71522271,71641484,71727332,71735329,71702435,71668011
Thailand,THA,GDP (current US$),NY.GDP.MKTP.CD,413366349747.508,456356813536.764,506754208404.485,543976691793.886,500461898480.246,506194668789.937,495644697587.661,515906283940.933,526411265427.683
Timor-Leste,TLS,Population total,SP.POP.TOTL,1228312,1251703,1275959,1300945,1326053,1350139,1369295,1384286,1400638
Timor-Leste,TLS,GDP (current US$),NY.GDP.MKTP.CD,1640464600,1584878400,1555988614.43594,2032550389.41316,2162619240.86927,3624889673.07263,3208593982.01071,2079916909.49485,1881265333.4187
Togo,TGO,Population total,SP.POP.TOTL,7858289,8057140,8258778,8463068,8669720,8878379,9089738,9304337,9515236
Togo,TGO,GDP (current US$),NY.GDP.MKTP.CD,6071170959.12093,6387422517.69225,7029300383.08031,6992700101.37188,7400284167.78479,8342243645.94438,8169476148.95692,9171261837.57103,9925732119.72034
Tonga,TON,Population total,SP.POP.TOTL,105524,105356,105567,105669,105704,105490,105042,104597,104175
Tonga,TON,GDP (current US$),NY.GDP.MKTP.CD,420828254.541601,459976847.108128,489714529.780507,494197853.971842,496856303.949489,518228028.701685,518180029.413435,508735107.033734,..
Trinidad and Tobago,TTO,Population total,SP.POP.TOTL,1353895,1356633,1359193,1363985,1366725,1367558,1365805,1367510,1368333
Trinidad and Tobago,TTO,GDP (current US$),NY.GDP.MKTP.CD,23624333663.6693,23847765529.2959,23888910151.9167,23588037786.7403,20991339706.5613,24177305760.2763,28510328245.1372,25489373405.0619,26428963758.1307
Tunisia,TUN,Population total,SP.POP.TOTL,11528674,11650498,11765514,11875081,11974057,12048622,12119334,12200431,12277109
Tunisia,TUN,GDP (current US$),NY.GDP.MKTP.CD,44360072680.4476,42163530590.9462,42686504459.801,41905642418.825,42491780918.361,47073234359.1819,44948769171.285,48196281783.9479,53409988744.5968
Turkiye,TUR,Population total,SP.POP.TOTL,79277962,80312698,81407204,82579440,83384680,84147318,84979913,85325965,85518661
Turkiye,TUR,GDP (current US$),NY.GDP.MKTP.CD,869682881593.041,858988492853.742,778972108040.602,761005915750.925,720338490327.248,819865223976.115,907118434653.505,1118252958513.72,1323254808058.74
Turkmenistan,TKM,Population total,SP.POP.TOTL,6360041,6507061,6655524,6803944,6949912,7092043,7230193,7364438,7494498
Turkmenistan,TKM,GDP (current US$),NY.GDP.MKTP.CD,36169428571.4286,37926285714.2857,40765428571.4286,45232857142.8571,45818000000,50007428571.4286,58972000000,60628857142.8571,64239891739.3311
Turks and Caicos Islands,TCA,Population total,SP.POP.TOTL,38315,39913,41559,43166,44386,45243,45847,46198,46535
Turks and Caicos Islands,TCA,GDP (current US$),NY.GDP.MKTP.CD,1032452000,1022365000,1314329000,1371838000,918387000,1236459000,1434119000,1638653000,1745378000
Tuvalu,TUV,Population total,SP.POP.TOTL,10930,10869,10751,10581,10399,10194,9992,9816,9646
Tuvalu,TUV,GDP (current US$),NY.GDP.MKTP.CD,41629064.2232388,45276595.3533146,48015259.8751356,54123198.5662913,51746594.3148543,60196405.7138393,59065982.0873657,62280311.5852172,..
Uganda,UGA,Population total,SP.POP.TOTL,38799152,40177388,41565831,42999637,44457152,45910930,47312719,48656601,50015092
Uganda,UGA,GDP (current US$),NY.GDP.MKTP.CD,29203988696.2626,30744473841.424,32927025619.6795,35353061007.9635,37600368239.8824,40529788744.0595,45565333216.4142,48768955859.2834,53651874313.9836
Ukraine,UKR,Population total,SP.POP.TOTL,45616832,45436041,45208907,44957458,44680014,44298640,41048766,37732836,37860221
Ukraine,UKR,GDP (current US$),NY.GDP.MKTP.CD,93355869403.9223,112090505081.739,130891088293.55,153883047509.577,156617722013.342,199765859570.935,161989520721.19,181221517868.744,190741263731.535
United Arab Emirates,ARE,Population total,SP.POP.TOTL,8935095,9223225,9346701,9445785,9401038,9575152,10074977,10483751,10876981
United Arab Emirates,ARE,GDP (current US$),NY.GDP.MKTP.CD,369255326235.534,390516804029.952,427049432157.931,417989721742.682,349473015330.157,415178792756.978,502731935194.01,514130432648.06,537078829135.466
United Kingdom,GBR,Population total,SP.POP.TOTL,65607000,65966000,66289000,66631000,66744000,66984000,67604000,68492000,69226000
United Kingdom,GBR,GDP (current US$),NY.GDP.MKTP.CD,2689106566899.61,2680148052335.3,2871340347581.79,2851407164907.81,2696778386607.65,3143323050707.26,3114042471144.39,3369861888972.88,3643834188782.91
United States,USA,Population total,SP.POP.TOTL,324353340,326608609,328529577,330226227,331577720,332099760,334017321,336806231,340110988
United States,USA,GDP (current US$),NY.GDP.MKTP.CD,18804913000000,19612102000000,20656516000000,21539982000000,21354105000000,23681171000000,26006893000000,27720709000000,29184890000000
Uruguay,URY,Population total,SP.POP.TOTL,3379283,3388438,3394534,3397206,3398968,3396695,3390913,3388081,3386588
Uruguay,URY,GDP (current US$),NY.GDP.MKTP.CD,57480787465.2716,65005997963.4822,65344577415.7535,62222313618.8454,53559359261.826,60739084240.8633,70594110920.0358,77991666837.7382,80961511073.5797
Uzbekistan,UZB,Population total,SP.POP.TOTL,31284568,31819178,32373490,32964701,33586372,34243696,34938955,35652307,36361859
Uzbekistan,UZB,GDP (current US$),NY.GDP.MKTP.CD,86138288644.171,69703222282.7278,58695899092.1083,67293639798.3996,66443265418.3086,77340060003.0347,90095926567.4359,102641879248.764,114965293466.611
Vanuatu,VUT,Population total,SP.POP.TOTL,272087,278507,285259,291985,298858,305868,313046,320409,327777
Vanuatu,VUT,GDP (current US$),NY.GDP.MKTP.CD,804323576.861028,880043284.399407,914727908.137793,936526267.622513,909421043.508407,982362211.918412,1030654208.30053,1126313359.21923,1161251868.03498
Venezuela,VEN,Population total,SP.POP.TOTL,30765720,30565323,29807592,28938098,28444077,28237826,28213017,28300854,28405543
Venezuela,VEN,GDP (current US$),NY.GDP.MKTP.CD,..,..,..,..,..,..,..,..,..
Viet Nam,VNM,Population total,SP.POP.TOTL,94000117,95176977,96237319,97173776,98079191,98935098,99680655,100352192,100987686
Viet Nam,VNM,GDP (current US$),NY.GDP.MKTP.CD,257096001177.982,281353605986.903,310106478394.659,334365270496.667,346615738537.796,366474752771.009,413445230668.578,433857681378.291,476388230307.175
Virgin Islands (U.S.),VIR,Population total,SP.POP.TOTL,107516,107281,107001,106669,106290,105870,105413,104917,104377
Virgin Islands (U.S.),VIR,GDP (current US$),NY.GDP.MKTP.CD,3798000000,3794000000,3923000000,4121000000,4229000000,4507000000,4672000000,..,..
West Bank and Gaza,PSE,Population total,SP.POP.TOTL,4367088,4454805,4569087,4685306,4803269,4922749,5043612,5165775,5289152
West Bank and Gaza,PSE,GDP (current US$),NY.GDP.MKTP.CD,15405400000,16128000000,16276600000,17133500000,15531700000,18109000000,19165500000,17847900000,13711100000
Yemen Rep.,YEM,Population total,SP.POP.TOTL,32109010,33090921,34085182,35111408,36134863,37140230,38222876,39390799,40583164
Yemen Rep.,YEM,GDP (current US$),NY.GDP.MKTP.CD,31317825274.1507,26842229044.5848,21606160663.0131,..,..,..,..,..,..
Zambia,ZMB,Population total,SP.POP.TOTL,16914423,17441320,17973569,18513839,19059395,19603607,20152938,20723965,21314956
Zambia,ZMB,GDP (current US$),NY.GDP.MKTP.CD,20958412538.3093,25873601260.8353,26311507273.6735,23308667781.2258,18137764930.651,22096416932.0089,29163782140.4858,27577956471.244,26325775287.0226
Zimbabwe,ZWE,Population total,SP.POP.TOTL,14600294,14812482,15034452,15271368,15526888,15797210,16069056,16340822,16634373
Zimbabwe,ZWE,GDP (current US$),NY.GDP.MKTP.CD,20548759858.0924,51074726484.0037,34156057417.3285,25715657177.4682,26868564055.12,27240507841.6729,32789657377.9788,35231369343.4002,44187704410.1191
Africa Eastern and Southern,AFE,Population total,SP.POP.TOTL,623369401,640058741,657801085,675950189,694446100,713090928,731821393,750503764,769294618
Africa Eastern and Southern,AFE,GDP (current US$),NY.GDP.MKTP.CD,828961170566.435,973025126473.894,1012291194268.21,1009746517725.42,933407232177.078,1085604883589.65,1191638638185.25,1176909900789.14,1287676979450.75
Africa Western and Central,AFW,Population total,SP.POP.TOTL,429454743,440882906,452195915,463365429,474569351,485920997,497387180,509398589,521764076
Africa Western and Central,AFW,GDP (current US$),NY.GDP.MKTP.CD,700028171710.17,694051344215.045,777840407639.927,833288902800.025,797295175501.973,858114511231.434,893639944629.861,814728528754.188,670025655309.603
Arab World,ARB,Population total,SP.POP.TOTL,419808341,428315886,435998060,444281315,453723239,460646603,471352066,482105978,492579811
Arab World,ARB,GDP (current US$),NY.GDP.MKTP.CD,2524102874214.64,2598475460609.57,2907329557076.05,2949355029586.25,2596422612311.05,3077906530882.01,3738584480489.16,3606002342262.32,3704768275595.84
Caribbean small states,CSS,Population total,SP.POP.TOTL,4341333,4366140,4407658,4443134,4459302,4479167,4497310,4519904,4539060
Caribbean small states,CSS,GDP (current US$),NY.GDP.MKTP.CD,57729936370.5525,59541578262.9548,60893234438.5669,61929300627.7488,53180553803.0434,61961705340.7798,78054577760.2976,79470143934.8758,91570798875.9048
Central Europe and the Baltics,CEB,Population total,SP.POP.TOTL,102647939,102337501,102074201,101864274,101215763,100205732,100071871,100175859,100050066
Central Europe and the Baltics,CEB,GDP (current US$),NY.GDP.MKTP.CD,1321565597216.69,1467505238696.8,1658215183813.33,1686042070714.23,1679770251031.92,1927940096544.03,1956274288914.43,2273945434904.28,2455559190577.36
Early-demographic dividend,EAR,Population total,SP.POP.TOTL,3233033717,3274060446,3314245247,3355014793,3396051187,3432026092,3470644834,3511607650,3552278604
Early-demographic dividend,EAR,GDP (current US$),NY.GDP.MKTP.CD,10571969587055.3,11475929617611.4,11652111473280.5,11887904124496.5,11039712538107.1,12923331307987.7,14274765147164.7,15177810163172.8,16091207060823.4
East Asia & Pacific,EAS,Population total,SP.POP.TOTL,2317076058,2333475520,2347576325,2359771090,2369438682,2375144416,2379648196,2384479340,2388378491
East Asia & Pacific,EAS,GDP (current US$),NY.GDP.MKTP.CD,23005487018716.5,24563743482148.7,26749413596913.5,27322078215458.3,27474338351594.1,31548481959790.6,31135994741903.4,31279384293039.7,31882663454356.9
East Asia & Pacific (excluding high income),EAP,Population total,SP.POP.TOTL,2071486140,2087238522,2100698838,2112289891,2121866294,2128553744,2133560408,2137527754,2141122258
East Asia & Pacific (excluding high income),EAP,GDP (current US$),NY.GDP.MKTP.CD,13844122755580.7,15115625538820.6,16902106236749.5,17503362758566.8,17805361735240.4,21231549654292.7,21563623056097.7,21644107579563.1,22260874526758.1
East Asia & Pacific (IDA & IBRD countries),TEA,Population total,SP.POP.TOTL,2045816761,2061449949,2074796982,2086281644,2095759417,2102350702,2107261123,2111139152,2114653077
East Asia & Pacific (IDA & IBRD countries),TEA,GDP (current US$),NY.GDP.MKTP.CD,13827143891946.3,15097049793765.4,16881313468532,17481802738366.4,17783399412496.6,21205315189717.1,21536968352300,21617377390319.4,22233410782170.8
Euro area,EMU,Population total,SP.POP.TOTL,344132977,344810179,345864630,346496601,346986142,347207191,348700885,350292725,351125804
Euro area,EMU,GDP (current US$),NY.GDP.MKTP.CD,12124585812257.6,12839881576243.5,13868034531052.8,13587001830079.4,13266853301191.7,14918539971043.3,14452407617089.9,15787238118091.4,16406126934435.8
Europe & Central Asia,ECS,Population total,SP.POP.TOTL,911765648,915290996,918947897,922218554,923973838,924702975,925061269,925640799,928465742
Europe & Central Asia,ECS,GDP (current US$),NY.GDP.MKTP.CD,20511787410869.2,21766184431710.6,23306977599232,23032792622187.5,22287615625568.5,25513859723979.1,25700849227224.2,27617157896730.2,29146936906252.2
Europe & Central Asia (excluding high income),ECA,Population total,SP.POP.TOTL,242410814,244533821,246659127,248863066,250660609,252189631,250840400,249053262,250485944
Europe & Central Asia (excluding high income),ECA,GDP (current US$),NY.GDP.MKTP.CD,1449055610153.63,1494762564964.78,1468176796062.36,1498314108819.45,1437141951950.75,1670340539745.28,1817993344339.27,2134737666916.84,2421839057172.22
Europe & Central Asia (IDA & IBRD countries),TEC,Population total,SP.POP.TOTL,456099634,458235497,460205526,462219596,463151657,463426293,461268322,458932506,459954508
Europe & Central Asia (IDA & IBRD countries),TEC,GDP (current US$),NY.GDP.MKTP.CD,3490976596937.19,3922819871997.88,4091510597189.56,4175891551192.92,3916679848494.7,4628696552014.54,5263275218883.39,5556261013139.78,6097876994310.88
European Union,EUU,Population total,SP.POP.TOTL,444676652,445321060,446329890,446910453,446870959,446227358,447703403,449425965,450185396
European Union,EUU,GDP (current US$),NY.GDP.MKTP.CD,13990609868691.7,14870146541628.4,16092154353714.7,15809298345792.2,15505708717748.9,17498522970845.2,16996087955139.8,18602672971721.6,19423319451330.3
Fragile and conflict affected situations,FCS,Population total,SP.POP.TOTL,912614026,933013886,953648681,974824119,996691241,1018693077,1038158122,1058715836,1083294896
Fragile and conflict affected situations,FCS,GDP (current US$),NY.GDP.MKTP.CD,1496419783637.22,1596331256583.99,1743486499947.23,1850715484889.64,1684325379797.98,1796817600782.91,1976548078585.54,1886483505528.77,1831822327104.31
Heavily indebted poor countries (HIPC),HPC,Population total,SP.POP.TOTL,756895035,779389964,802020674,824649053,847743308,870930036,893906294,917304254,941413026
Heavily indebted poor countries (HIPC),HPC,GDP (current US$),NY.GDP.MKTP.CD,681582492494.931,732428236460.128,783851617853.698,811925263665.522,820678273818.935,914476428986.119,993480176910.217,1076157234418.79,1197816907955.81
High income,HIC,Population total,SP.POP.TOTL,1374284415,1380319892,1385103279,1389779202,1393490142,1391839631,1398530204,1408764584,1417871275
High income,HIC,GDP (current US$),NY.GDP.MKTP.CD,50925145050903.7,53532832551203.6,56899748048245.3,57469453150147.4,56044969561614.3,62927771341457.9,65248657227968.5,68618756866831.9,71522995943824.2
IBRD only,IBD,Population total,SP.POP.TOTL,4721753602,4765998583,4807240463,4845361414,4878606096,4905534420,4928522353,4952554878,4979720059
IBRD only,IBD,GDP (current US$),NY.GDP.MKTP.CD,26257498466233.4,28980670807432.3,30908093008396.4,31581844372017.2,30426310945474.6,36134729389995.2,38173342857338.4,39445795860390.1,41102217227752.3
IDA & IBRD total,IBT,Population total,SP.POP.TOTL,6360340293,6440236993,6518316997,6594502842,6666779721,6732972939,6795050443,6858864199,6926456321
IDA & IBRD total,IBT,GDP (current US$),NY.GDP.MKTP.CD,28416081615148.4,31255536982771.3,33320472281473.6,34090818723703,32884865747902.1,38810576219568.7,41067771533155.6,42266419240093.9,43993256154967.7
IDA blend,IDB,Population total,SP.POP.TOTL,578463670,590024074,601951913,614017319,626440308,639196319,651895919,664395892,676957651
IDA blend,IDB,GDP (current US$),NY.GDP.MKTP.CD,1035753092023.26,1064742116157.94,1125300769098.02,1153206654635.47,1087140198997.65,1187113707176.67,1279359771603.06,1149351628081.53,1060004843955.22
IDA only,IDX,Population total,SP.POP.TOTL,1060123021,1084214336,1109124621,1135124109,1161733317,1188242200,1214632171,1241913429,1269778611
IDA only,IDX,GDP (current US$),NY.GDP.MKTP.CD,1121857668354.92,1210063604874.31,1287143768703.4,1355420093222.75,1370690171731.28,1490169458827.91,1615949723957.34,1673784986038.41,1834104992046.61
IDA total,IDA,Population total,SP.POP.TOTL,1638586691,1674238410,1711076534,1749141428,1788173625,1827438519,1866528090,1906309321,1946736262
IDA total,IDA,GDP (current US$),NY.GDP.MKTP.CD,2157610760378.18,2274805721032.25,2412444537801.42,2508626747858.23,2457830370728.94,2677283166004.58,2895309495560.39,2823136614119.93,2894109836001.83
Late-demographic dividend,LTE,Population total,SP.POP.TOTL,2271028438,2286095306,2298652685,2309164437,2316461820,2320449542,2324125644,2326636900,2328890789
Late-demographic dividend,LTE,GDP (current US$),NY.GDP.MKTP.CD,18828510013671.3,20875187048422.1,22893811867077.4,23350735596984.1,22862413053120.2,27277869480236.8,28540512833862.8,28903171309924.7,29910723278948.7
Latin America & Caribbean,LCN,Population total,SP.POP.TOTL,624737786,630414986,635778081,640962372,645497651,649234493,653104795,657617663,662185950
Latin America & Caribbean,LCN,GDP (current US$),NY.GDP.MKTP.CD,5285691145303.57,5868341566243.68,5742372094087.7,5659843769808.14,4805921371470.46,5581814290255.75,6345587523480.55,7127804705256.23,7313631690222.71
Latin America & Caribbean (excluding high income),LAC,Population total,SP.POP.TOTL,556440282,561957179,567711159,573311679,578091505,581884231,585648822,589889543,594158638
Latin America & Caribbean (excluding high income),LAC,GDP (current US$),NY.GDP.MKTP.CD,4438012803116.89,4951480879885.32,4807492365803.41,4739266496719.49,3984427319010.97,4629099312241.86,5325687016147.01,5997364907507.01,6146374383733.38
Latin America & the Caribbean (IDA & IBRD countries),TLA,Population total,SP.POP.TOTL,609017063,614776664,620274430,625467307,630051021,633862610,637837815,642397939,647003746
Latin America & the Caribbean (IDA & IBRD countries),TLA,GDP (current US$),NY.GDP.MKTP.CD,5055941096844.8,5633597128103.88,5505396811018.94,5413386525184.87,4561756343150.42,5313306131137.49,6048473378741.76,6804996162368.3,6977493595927.05
Least developed countries: UN classification,LDC,Population total,SP.POP.TOTL,985414939,1008993468,1033110314,1058013514,1083636132,1109175268,1134585604,1160824674,1187777591
Least developed countries: UN classification,LDC,GDP (current US$),NY.GDP.MKTP.CD,949887329005.813,1039596262297.48,1107881528995.12,1168244060712.21,1179759976006.93,1288339633534.37,1445223560465.28,1455944373211.98,1574172751665.07
Low & middle income,LMY,Population total,SP.POP.TOTL,6017298320,6094196886,6169917356,6243849229,6314223170,6378645843,6438272260,6499219471,6563719861
Low & middle income,LMY,GDP (current US$),NY.GDP.MKTP.CD,25692480250515.9,28077899127097.7,29904746273220.2,30622477245854.4,29667488251107.8,34992770913888.4,36712853300728.6,37824423052000.7,39216943108499.1
Low income,LIC,Population total,SP.POP.TOTL,501149314,514890519,529522043,544980983,560643073,576076618,591481496,607774703,624608098
Low income,LIC,GDP (current US$),NY.GDP.MKTP.CD,316109880599.631,327200283964.05,342687284249.884,356930361600.33,340851227778.848,370630013362.636,427939606203.123,423723013875.631,466541517790.093
Lower middle income,LMC,Population total,SP.POP.TOTL,2806590212,2847931114,2888561818,2928617292,2968398856,3006243027,3043358377,3082002881,3120983658
Lower middle income,LMC,GDP (current US$),NY.GDP.MKTP.CD,5312048001895.33,5751392726255.86,6004619221945.02,6308107724476.6,6110254911277.35,6921716347320.78,7377558874199.93,7530591347605.22,7857490239272.01
Middle East North Africa Afghanistan & Pakistan,MEA,Population total,SP.POP.TOTL,707023525,718887744,730362334,742714463,756405281,767578451,782349366,797801454,813118814
Middle East North Africa Afghanistan & Pakistan,MEA,GDP (current US$),NY.GDP.MKTP.CD,3592203183221.5,3761433694224.74,4023974471234.97,3989483215533.71,3561019804742.77,4279459402701.19,4994047685350.32,4837112081492.74,5025772564328.3
Middle East North Africa Afghanistan & Pakistan (excluding high income),MNA,Population total,SP.POP.TOTL,645837915,656767614,668447432,680490997,692532027,704458802,716508657,729077445,741690916
Middle East North Africa Afghanistan & Pakistan (excluding high income),MNA,GDP (current US$),NY.GDP.MKTP.CD,1829549360447.27,1857189378336.06,1864852275838.18,1819885021237.61,1649213376516.37,1915797738870.79,2132297995335.66,2039526572152.72,2153572215659.73
Middle East North Africa Afghanistan & Pakistan (IDA & IBRD),TMN,Population total,SP.POP.TOTL,641470827,652312809,663878345,675805691,687728758,699536053,711465045,723911670,736401764
Middle East North Africa Afghanistan & Pakistan (IDA & IBRD),TMN,GDP (current US$),NY.GDP.MKTP.CD,1814143960447.27,1841061378336.06,1848575675838.18,1802751521237.61,1633681676516.37,1897688738870.79,2113132495335.66,2021678672152.72,2139861115659.73
Middle income,MIC,Population total,SP.POP.TOTL,5516149006,5579306367,5640395313,5698868246,5753580097,5802569225,5846790764,5891444768,5939111763
Middle income,MIC,GDP (current US$),NY.GDP.MKTP.CD,25375550658298.8,27748887095153.8,29559838322315.3,30263574824888.8,29324478257136.1,34618128912439.9,36282529025324.2,37397441616315.6,38748293620690.4
North America,NAC,Population total,SP.POP.TOTL,360527592,363217262,365666028,367908829,369670740,370404272,373018004,376954413,381464223
North America,NAC,GDP (current US$),NY.GDP.MKTP.CD,20339807652907.4,21268509960244.1,22389071169783,23291130648672.5,23016677094000.2,25710839785423.2,28205178461134.3,29902627912064.3,31435123430970.3
Not classified,INX,Population total,SP.POP.TOTL,..,..,..,..,..,..,..,..,..
Not classified,INX,GDP (current US$),NY.GDP.MKTP.CD,..,..,..,..,..,..,..,..,..
OECD members,OED,Population total,SP.POP.TOTL,1340142055,1348127258,1356470975,1364155119,1369327995,1371811773,1379097485,1388472514,1396914190
OECD members,OED,GDP (current US$),NY.GDP.MKTP.CD,48561385930398.5,50713666639143.2,53633758340295.1,54181531589081.7,52999808975237.4,59193139223744.6,60744315658542.2,64803502836722.8,67687054565878.2
Other small states,OSS,Population total,SP.POP.TOTL,11851918,11989367,12135267,12281907,12417333,12541889,12699005,12842214,12969162
Other small states,OSS,GDP (current US$),NY.GDP.MKTP.CD,127726590445.995,142823050906.058,157519922450.079,158082460872.925,145642308336.75,171465890505.668,181571679219.508,194578375098.132,205790426259.972
Pacific island small states,PSS,Population total,SP.POP.TOTL,2477794,2509999,2542009,2568656,2595522,2625493,2656049,2689224,2722467
Pacific island small states,PSS,GDP (current US$),NY.GDP.MKTP.CD,9548954059.89869,10283449682.5604,10792820189.4419,10712120596.8045,9515415337.73428,9581825673.82542,10328388317.1998,11168877227.3837,11977251413.7163
Post-demographic dividend,PST,Population total,SP.POP.TOTL,1102966925,1107161559,1111377470,1114907717,1117025276,1116609473,1117926537,1121892872,1128430188
Post-demographic dividend,PST,GDP (current US$),NY.GDP.MKTP.CD,45785380106162.1,47756402426662.6,50599156664416.6,51135209515081.4,50140341964133.7,55855082520061,57128680173110.1,60538844740701.7,63040640005163.5
Pre-demographic dividend,PRE,Population total,SP.POP.TOTL,895239872,920568701,946317177,972302503,998624261,1024960313,1051201551,1078224044,1105951788
Pre-demographic dividend,PRE,GDP (current US$),NY.GDP.MKTP.CD,1170247569850.28,1222291962819.7,1362634002287.22,1435723143391.13,1318892160079.38,1447970750253.63,1658497791360.45,1527124866810.94,1426898998276.72
Small states,SST,Population total,SP.POP.TOTL,18671045,18865506,19084934,19293697,19472157,19646549,19852364,20051342,20230689
Small states,SST,GDP (current US$),NY.GDP.MKTP.CD,195005480876.446,212648078851.573,229205977078.088,230723882097.479,208338277477.527,243009421520.273,269954645297.005,285189556483.076,309361541400.629
South Asia,SAS,Population total,SP.POP.TOTL,1555111864,1572520427,1589164714,1605412986,1621073417,1634785356,1648009565,1662580579,1677384532
South Asia,SAS,GDP (current US$),NY.GDP.MKTP.CD,2679313169377.96,3075955432871.73,3159841615195.07,3318484576527.33,3172770463749.49,3717045071833.11,3930640282535.14,4210278492152.87,4514924632400.27
South Asia (IDA & IBRD),TSA,Population total,SP.POP.TOTL,1555111864,1572520427,1589164714,1605412986,1621073417,1634785356,1648009565,1662580579,1677384532
South Asia (IDA & IBRD),TSA,GDP (current US$),NY.GDP.MKTP.CD,2679313169377.96,3075955432871.73,3159841615195.07,3318484576527.33,3172770463749.49,3717045071833.11,3930640282535.14,4210278492152.87,4514924632400.27
Sub-Saharan Africa,SSF,Population total,SP.POP.TOTL,1052824144,1080941647,1109997000,1139315618,1169015451,1199011925,1229208573,1259902353,1291058694
Sub-Saharan Africa,SSF,GDP (current US$),NY.GDP.MKTP.CD,1528989342276.6,1667076470688.94,1790131601908.14,1843035420525.45,1730702407679.05,1943719394821.09,2085278582815.11,1991638429543.33,1957702634760.35
Sub-Saharan Africa (excluding high income),SSA,Population total,SP.POP.TOTL,946011305,971179323,997236086,1023480610,1049999318,1076774079,1103704408,1131090888,1158877573
Sub-Saharan Africa (excluding high income),SSA,GDP (current US$),NY.GDP.MKTP.CD,1453124062366.33,1583630214899.87,1704078107124.46,1745254110180.65,1621662123503.33,1830970332357.42,1956487528375.04,1825737943161.89,1745534471319.04
Sub-Saharan Africa (IDA & IBRD countries),TSS,Population total,SP.POP.TOTL,1052824144,1080941647,1109997000,1139315618,1169015451,1199011925,1229208573,1259902353,1291058694
Sub-Saharan Africa (IDA & IBRD countries),TSS,GDP (current US$),NY.GDP.MKTP.CD,1528989342276.6,1667076470688.94,1790131601908.14,1843035420525.45,1730702407679.05,1943719394821.09,2085278582815.11,1991638429543.33,1957702634760.35
Upper middle income,UMC,Population total,SP.POP.TOTL,2709558794,2731375253,2751833495,2770250954,2785181241,2796326198,2803432387,2809441887,2818128105
Upper middle income,UMC,GDP (current US$),NY.GDP.MKTP.CD,20063502656403.5,21997494368897.9,23555219100370.3,23955467100412.2,23214223345858.7,27697767122738.2,28905818138526.2,29868066574997.4,30891808644564.4
World,WLD,Population total,SP.POP.TOTL,7529066617,7614748582,7697492379,7778303912,7855075060,7920861888,7990399768,8064976601,8142056446
World,WLD,GDP (current US$),NY.GDP.MKTP.CD,76957345383656.7,81974795709110.2,87188987385051.5,88492389499432.2,86116567565730.4,98365745535038.4,102434886179161,106970781305675,111326370011523
